release_id,sha256,title,mode,folder_label,candidate_dates,sources,M001,M002,M003
01fb7a18,01fb7a186fc2445631f94ce61a41b906a1db19464ad8d23c85e22d5264ff919a,Syndroid,window,date 1999-12-01..2004-08-26,,,1999-12-01,2004-08-26,
030417e9,030417e950b462e1baaf2d947594726da482591c25c0e2eef6283fac37d523ab,Gun Carnage,run,run 2003-10-30,2003-10-30,2003-10-30 — historical site comment,2003-10-30,2003-11-01,
037bac1d,037bac1d1137ff83335d0ff44c4b1edf4af20643a5c93949f072c4586b2d8096,Jumping Bubble,run,date 2003-07-27,2003-07-27,,2003-07-27,2003-07-28,
045d5e91,045d5e91c93d58261d44f3a3e8a05638d4ef91131b6ec3b7ea3a9241c0c80c12,Warships,run,run 2003-10-28,2003-10-28,2003-10-28 — nearby text/file hint,,,
07f9ecaa,07f9ecaa1f1662683543eb299ec64e25eba22fd1441c85d9ae8ec06c16baa289,Iceblox Plus,window,date 2003-06-16..2010-06-20,,,2003-06-16,2010-06-20,
0b489655,0b4896559eaba0fd9050aa5426c13f036298d152a93c87c954f365dfbf900629,Wilione,window,date 2003-10-13..2010-12-31,,,2003-10-13,2010-12-31,
0d916328,0d9163284a6930ac312cff93907a433efbcc36cc29177c8691d39af4f3ad5a3a,BombJack(tm),run,run 2003-10-30,2003-10-30,2003-10-30 — historical site comment || 2003-10-30 — nearby text/file hint,2003-10-30,2003-11-20,
0edc8e2a,0edc8e2a91b61cd67526abe2e3393b9468d2c3b48149b3f759c34cb0a47bba84,Warships,run,run 2003-10-28,2003-10-28,2003-10-28 — historical site comment,,,
0f6318e4,0f6318e4332528e0154df4d65e5cda063764d3f9b95b6212725902ee6d5cd0c9,Hopper,run,run 2004-06-12,2004-06-12,2004-06-12 — nearby text/file hint,2004-06-12,2004-06-14,
113c2ba6,113c2ba6847ee2439aaf5b216717b4ea7b771b2fa1611eaaa58703471c28deb2,AlphaAttack,run,run 2003-09-25,2003-09-25,2003-09-25 — historical site comment,,,
1450cb75,1450cb75356171a4caabcab9c4c880e9e7e3d561579a6a412e8d66062b6e3f28,Diastima,run,run 2004-03-22,2004-03-22,2004-03-22 — nearby text/file hint,2004-03-22,2004-03-24,
14f18b0a,14f18b0a06f5cef9eefcf7e503f89fd98928d0c1bcebbb4220426c78bb44c09e,Shooting Star,window,date 1999-12-01..2004-08-27,,,1999-12-01,2004-08-27,
152cef68,152cef680528db9e35bceb07b8b554e77188edd8fdb3e0efefcd1e4b00b7c2a1,Graviation,conflict,,2003-10-29|2003-10-30,2003-10-29 — historical site comment || 2003-10-30 — pcbanan Graviation FULL/GRAVIATION.TXT,2003-10-30,2003-10-31,
16ce2921,16ce2921073ab0bc63bdb144c9c35ffaba04350acd238911eec4000e1df2e0a0,Little Indians,window,date 1999-12-01..2004-08-26,,,,,
1d1a5db5,1d1a5db52539def178427d7c9e1944c9285c50eb5e99ef066794fc3e6e6836ff,Evac 610,run,run 2004-04-07,2004-04-07,2004-04-07 — nearby text/file hint,2004-04-07,2004-04-09,
227e0092,227e009260314aca1941223d67c4042a1233efb08d1da3cc8d17af19b0bdc73c,SnowboardX,window,date 2003-06-16..2010-12-31,,,2003-06-16,2010-12-31,
276b2951,276b2951169d12922b0bf7e2ee05e6d069b881ba728c85f68f9856e965ef15f3,The FlintStones,run,run 2003-11-06,2003-11-06,2003-11-06 — historical site comment,,,
2855d741,2855d741d9edc1bb7396dc13679af5c64c987b44b7e1f729be656ed3a0bf4269,SnowboardX,window,date 2003-06-16..2010-06-20,,,2003-06-16,2010-06-20,
2938f7f0,2938f7f06632e15f533ad1e2c30962ab08cbc6a143b478d2397bbf554717d464,Q Soccer,window,date 2003-06-16..2010-06-20,,,2003-06-16,2010-06-20,
2abb37bc,2abb37bcb7cba2b5a5c359759d423567a7e874335d0f66d8b2292e92c8e247fc,CourierBob,window,date 1999-12-01..2004-08-25,,,,,
3399f7d3,3399f7d3b062ef6912edbe434e9e16388af175dda18a77a6a3dee3ea5e781674,Basketball Challange SE,run,run 2004-03-10,2004-03-10,2004-03-10 — nearby text/file hint,2004-03-10,2004-03-12,
361f6b82,361f6b82b942580af923941f26781da52cd08063aa7872b25f67435304c8f631,AlphaAttack,run,run 2003-09-25,2003-09-25,2003-09-25 — historical site comment,,,
37447523,37447523c02e0fd620be5d6889ac8185984c39ba5927637c29129bf12c5a9b93,Prehistorik Man,window,date 1999-12-01..2004-08-26,,,1999-12-01,2004-08-26,
3a1d1a27,3a1d1a27d1dd180654e383ef5f8b6499165d31bef20766ea5441774410a56480,No Refuge,window,date 2003-06-16..2010-06-20,,,2003-06-16,2010-06-20,
3c547249,3c54724995e5c44890e09c7a342ba2d3c604500f86db6cca483d807faedaa824,Huntsman,run,run 2003-10-30,2003-10-30,2003-10-30 — nearby text/file hint,2003-06-16,2010-06-20,
3dda6bc3,3dda6bc3e7b916cab20422a3fa676727fade18daffd0689ba4e5511a671f5be7,Tony Hawk,run,run 2004-03-11,2004-03-11,2004-03-11 — sonyericsson.paradisezone.net juegos.html — THPS4 Alcatraz & Shipyard,2004-03-10,2004-03-14,
418dced7,418dced762176a67c781e5e97fa746a335118f5c1914a9732d4c1a919e198910,Jumping Bubble,run,run 2003-09-07,2003-09-07,2003-09-07 — historical site comment,2003-09-07,2003-09-08,
4467c63b,4467c63beae4f548bbf3dcec12257b0aba114b71a01a1df01c3884e6f4d5f40c,Poker Showdown,run,run 2003-11-09,2003-11-09,2003-11-09 — nearby text/file hint,2003-11-08,2003-11-09,
46e93ab8,46e93ab80594934d1d0c5a8b807196c5056d4e90904868e0cc33cf984881b57c,V-Rally2,run,run 2003-11-01,2003-11-01,2003-11-01 — historical site comment || 2003-11-01 — nearby text/file hint,2003-11-02,2003-11-06,
48bf48ac,48bf48ac48f10b67ed2d674a6cb4d60cfe40210618a4846beb8c88991af2ca17,Space Box,window,date 1999-12-01..2003-08-14,,,1999-12-01,2003-08-14,
4989ee43,4989ee438adc26dbcd33349a7002df03061c6d23ba7298481879ba6b75a746a3,Chaos Realms X,run,run 2004-03-10,2004-03-10,2004-03-10 — nearby text/file hint,2004-03-10,2010-12-31,
4fec1228,4fec12288d0face955e0707beb368655508869701a0b2c27477cc0d6095a21d5,Revs!,run,date 2003-09-05,2003-09-05,2003-09-05 — historical site comment || 2003-09-05 — nearby text/file hint || 2003-09-06 — nearby text/file hint,2003-09-06,2003-09-07,
54f8b17d,54f8b17d8bdd5aa4232950ee2550b5343eb1be4b9413e3bb0f72b9f9bdd98cab,DragonTale,window,v1.2 run 2003-11-11,,,,,
57678f2b,57678f2b87f7e8bc86aba102ffd98ae2629a65f62c30b4b0fe9c8ee948a2825c,Strike Out,run,run 2004-04-17,2004-04-17,2004-04-17 — historical site comment,,,
63c05db5,63c05db550b706bf55001b5a13540e948af527d21cc7eec5be0c1e36e89e1122,Chesswizz,run,run 2003-10-08,2003-10-08,2003-10-08 — nearby text/file hint,2003-10-08,2003-10-09,
669f69b0,669f69b0d3a2496438c6488b8343c1c7f47cedc96aa1b01db99c4f96040ae4d0,Rally,window,date 2004-03-10,,,,,
6731ffc1,6731ffc1abe8760b407f12919e289f868f2b68b4d0bffce67bf0b73e670535e9,Changs Orbhunt,window,date 1999-12-01..2004-08-27,,,1999-12-01,2004-08-27,
70ea48c7,70ea48c7c1c922b50ae88861be0cee05600cd3446ec9b8718d94fd8fec5b2fbe,Ant Assault,window,date 1999-12-01..2004-08-27,,,1999-12-01,2004-08-27,
723f6fd8,723f6fd81a322e9128c1da931e3ae984b288b4d24212a138cd0a0266fb25774a,VegasXtremeX,run,run 2004-03-30,2004-03-30,2004-03-30 — nearby text/file hint,2004-03-30,2004-04-01,
76ba84c9,76ba84c98394b6c52e01cdea7b6063c8f96b6b37564bc5b36097c9ec966915a2,Lisa,run,run 2003-06-16,2003-06-16,2003-06-16 — historical site comment,,,
76fd4120,76fd4120e62e57c921147d2999bf29eef873b6ceb4901c7c61eba0af8f9954bb,Sweet Dreams,window,date 2004-03-22..2004-03-24,,,2004-03-22,2004-03-24,
7a9037a1,7a9037a1a1e0c2e6e58bfbf0f99efda86d8585d5536139c83339763e8eb67e95,Chaos Realms X,run,run 2004-03-10,2004-03-10,2004-03-10 — nearby text/file hint,2004-03-10,2004-03-12,
7a982e24,7a982e2412c16732c5e1d94bd966de2a53779af0a73e6c2dfa343d8dcecbddef,Strike Out,window,date 2004-04-17..2010-12-31,,,2004-04-17,2010-12-31,
7e5decc0,7e5decc0aceea757a0ce82e93feb06822e2c26b22e1a8e4dad1ce7fc6f58a37a,Boulder Dash(R)-M.E.(TM),run,run 2003-06-16,2003-06-16,2003-06-16 — nearby text/file hint,2003-06-16,2010-06-20,
82771a47,82771a478e9c04565190dc0800b0cc20e6d230bf402b1a556f7b95250d350df3,Space Box,run,run 2003-08-14,2003-08-14,2003-08-14 — nearby text/file hint,1999-12-01,2003-08-14,
8b12f6ed,8b12f6ed117c4e6824cefce0f226354cf9b167d53f537ca7a8e83f064e6c8a14,RussPack,run,run 2004-03-10,2004-03-10,2004-03-10 — historical site comment,2004-03-10,2010-12-31,
8db3b349,8db3b349012fd704a85b9ae18167d74b00b7eee24b11644dda77dba2c5511993,Karaophun!,window,date 1999-12-01..2004-08-27,,,1999-12-01,2004-08-27,
8e0fd367,8e0fd36761cdf339021d8072f917262e12e9da576e2393f84d95126c66e35999,FIFA 2003,window,v0.1.5 dates,2003-12-17|2003-12-18,2003-12-17 — historical site comment || 2003-12-17 — nearby text/file hint || 2003-12-18 — nearby text/file hint,2003-12-14,2003-12-18,
8f4aea6e,8f4aea6e547aa446013d5c7066ab559c20fc95be9ee5be147e925750d21ed115,Alpine Ski,window,date 2003-06-16..2010-06-20,,,2003-06-16,2010-06-20,
92de547b,92de547b6f6b5fa20405b341c6ac52abd71c9aab2d6ce5c255fa86869ea9d0fc,RussPack,run,run 2004-03-10,2004-03-10,2004-03-10 — historical site comment,,,
941b542b,941b542b592337ec5351abfb519cb1a95cdbc473cfc6efc49be57a8ab37da1b8,Tony Hawk,window,date 2004-03-20..2004-03-24,,,2004-03-20,2004-03-24,
951a5301,951a53010a05eb1002e7b8b0b7f1ae66c9b3b0abc2e56fa8907f15851d6c8d28,Tony Hawk,run,run 2004-03-24,2004-03-24,2004-03-24 — sonyericsson.paradisezone.net juegos.html — THPS4 San Francisco & London,2004-03-23,2004-03-27,
9ab16526,9ab16526874882cf5ab9e3765fff6f927196abca1f21eb426bb782caf9334956,DragonTale,run,run 2003-11-11,2003-11-11,2003-11-11 — nearby text/file hint,1999-12-01,2004-08-27,
9d3856da,9d3856da3e281afbf37bb887f5ee1d485f509c03112e55a583974402398cb046,Final Hit,window,date 2003-06-16..2010-06-20,,,2003-06-16,2010-06-20,
a0171e1d,a0171e1ddd2e23b1ad4f1db387bb645f2d793261b8437abda5889097fb36a9b3,Strike Out,run,run 2004-04-17,2004-04-17,2004-04-17 — historical site comment,2004-04-17,2004-04-27,
a521d9b0,a521d9b09bff709440074652c70ebc5caf391f8a5faada3d4664198787b50ee4,Space Explorer,run,run 2004-03-10,2004-03-10,2004-03-10 — nearby text/file hint,2004-03-10,2004-03-12,
a69db37e,a69db37e5dab354d46f927fb6318da5fea55259003a5034c77f18c723642bcf9,Changs Orbhunt,window,date 1999-12-01..2010-12-31,,,1999-12-01,2010-12-31,
a6a96098,a6a9609866357b7b8405f93b9130fde8e0144f19ef7d720a2540f86712cd413b,Warships,run,run 2003-10-28,2003-10-28,2003-10-28 — historical site comment,,,
a73399fb,a73399fbdf37d1c7e8612e8637caa5570e0e3c27a1ee3b210ff240cb5f3828c4,Sheep Mania,window,date 1999-12-01..2003-08-14,,,1999-12-01,2003-08-14,
a87281d2,a87281d2bc8d89e2f8c90208f9ddc627531e925a6e8865f00519de22d8c58a01,Incoming,window,date 1999-12-01..2004-08-26,,,1999-12-01,2004-08-26,
a8e33782,a8e33782b61e22f9976adbe587741e35d088c8c4066334bb4583b65e3466e06c,Rally,window,v1.02 date 2004-03-10,,,,,
ab2840cb,ab2840cbeebe1df297b5b6e0ac813d360e042ba21a6dfd6fb014ee978042651c,Sheep Mania,window,date 1999-12-01..2004-08-27,,,1999-12-01,2004-08-27,
ba645152,ba6451527a98234650791691f7ecaafb214ad4ed39b0f8e67d9fabad9981331d,Hyper Apocalypse,run,run 2003-10-30,2003-10-30,2003-10-30 — pcbanan Hyperapocalypset FULL/HYPERAPOCALYPSET.txt,1999-12-01,2004-08-27,
bd62b2ae,bd62b2aef5dc0f45850f5040a797c35b4c04fe390e0aad0e2a2acab2cdea9418,Gun Carnage,run,run 2003-10-30,2003-10-30,2003-10-30 — nearby text/file hint,2000-10-30,2009-11-01,
bd997d25,bd997d253d83c9d03f244dbabbc460c0c9dc88db2eb2fb3d3aed9e48225e51bb,Evac,window,date 1999-12-01..2004-08-27,,,1999-12-01,2004-08-27,
be99f382,be99f3823ce4e42919ca33a02c9737dadfb8b1251c19593dabbe7c5495924426,RC Battle,window,v1.2 date 2004-03-07,,,,,
c2ee65eb,c2ee65eb10a55d31c0f027caf13b47872c2d04cd9ab5f7f31c0474b359d7fc22,Sheep Mania,window,date 2003-12-30..2003-12-31,,,2003-12-30,2003-12-31,
c4eea80b,c4eea80ba971fe5371b7fb15f595f9e35f579a07be6a5718635171c8b8b1c24d,Lisa,conflict,,2003-06-16|2003-10-16,2003-06-16 — historical site comment || 2003-06-16 — nearby text/file hint || 2003-10-16 — nearby text/file hint,2003-06-16,2010-06-20,
c7a5a70f,c7a5a70fce7af59483a5e64640d34380edc30b08c2c51474ef6860c17092079a,Captain Lunar,window,date 1999-12-01..2004-08-26,,,1999-12-01,2004-08-26,
c82e03b9,c82e03b964759c96895067eaf98bdd9840d1cd773fd05b3cc6bfcb02008cc0bf,Spinner C2,run,run 2004-05-27,2004-05-27,2004-05-27 — nearby text/file hint,2004-05-27,2004-05-29,
c9bb10f0,c9bb10f0072c725ca8c5c7ec1225628ef9baec5f1935eb1efe39f7330e91252e,KSPS,window,date 2004-03-15..2004-03-19,,,2004-03-15,2004-03-19,
cc84bf3a,cc84bf3a1c86d513c09aae2fac43c02f234d7c8019e2b978edc0bcc0656e18ba,Sweet Dreams,window,date 2004-03-22..2010-12-31,,,2004-03-22,2010-12-31,
ccf9c64b,ccf9c64bd1e4e6e7350d2de1024d2d79eb47d08558843683378790fc2bb1a274,Cubed,run,run 2003-06-16,2003-06-16,2003-06-16 — nearby text/file hint,2003-06-16,2010-06-20,
ce44743e,ce44743ee06b6f4de6bd677046c9ea7fa52d84cb08c3a2e167a5d998780195a5,ACE,window,date 2003-06-16..2010-06-20,,,2003-06-16,2010-06-20,
d492d878,d492d878982c67cd8702da98534923139ee04302b0a58ff3af0038ed4ae7e135,Chesswizz,window,date 2003-06-16..2010-06-20,,,2003-06-16,2010-06-20,
d5cdde50,d5cdde5086f19e08dea44e8a1ebe720cf7a53228d5191103d41c2458caa7755c,Revs!,run,run 2003-09-05,2003-09-05,2003-09-05 — historical site comment,,,
d666cc7c,d666cc7c51dd64e48c790f9e994ea9682107c09dfc0a69cbb4dd59f6f62ead69,Q Soccer,run,run 2004-08-26,2004-08-26,2004-08-26 — pcbanan Qsoccer FULL/1/date.txt,1999-12-01,2004-08-26,
dea4df9c,dea4df9cd22ec93c7219572589920a3c5483ff3d8145c1b6ab63d86add5dbc3c,AlphaAttack,run,run 2003-09-25,2003-09-25,2003-09-25 — historical site comment || 2003-09-25 — nearby text/file hint,2003-09-24,2003-09-25,
dfa85f70,dfa85f70026e9a2cef9d2df2986ba703484937c7eea2af79c6647eb6f7e80375,Warships,run,run 2003-10-28,2003-10-28,2003-10-28 — historical site comment || 2003-10-28 — nearby text/file hint,2003-10-27,2003-10-28,
dfbab38d,dfbab38d48e95abe63045db8f1e988919e10afe0571321b4943943e07318ee08,V-Rally2,run,run 2003-11-01,2003-11-01,2003-11-01 — nearby text/file hint,,,
e0515ba0,e0515ba093d9c95daf8f03c4ee4be8a11a8493dbd80c544839d0a84c9a5b8f49,Egg Attack,run,run 2004-04-09,2004-04-09,2004-04-09 — nearby text/file hint,2004-04-09,2004-05-24,
e300d6c2,e300d6c2b94736d490f376775d6dba9417fda9d5c4be7d20848b89791b18f134,5-5 Football,window,date 2004-04-06..2004-04-16,,,2004-04-06,2004-04-16,
e3fd4522,e3fd4522458e70b6cccbb35dff343e867bd3f20579345d11b7be667062c04390,Micro War,window,v1.0 date 2004-03-11,,,,,
e5871056,e5871056a7fa2b42095b6085f76fff8a18918022c78284a3d7934989e6d8879b,Graviton,run,run 2004-08-26,2004-08-26,2004-08-26 — nearby text/file hint,1999-12-01,2004-12-31,
ebddef19,ebddef1903d9a3f10a59213080c6f6fda2f2bba1dbc9d1bb8da4599c7dc84a85,Graviton,run,run 2004-08-26,2004-08-26,2004-08-26 — nearby text/file hint,1999-12-01,2004-08-26,
ece70637,ece70637622105a7023ffe22e2ec1b70f4bf50ccd94830f978e1036c7bccc41e,The FlintStones,conflict,,2003-11-06|2003-11-11,2003-11-06 — historical site comment || 2003-11-11 — pcbanan Flinstones FULL/date.txt,2003-11-07,2003-11-11,
f1c5d7e1,f1c5d7e148823cad22f3ea2bb2453c570a643a62b2de2c535ade5892985d33c2,Evil Mirror,conflict,,2003-10-30|2003-11-11,2003-10-30 — sonyericsson.paradisezone.net juegos2.html || 2003-11-11 — pcbanan Evil Mirror FULL/Date.txt,1999-12-01,2004-08-26,
f2058533,f2058533d31854a325f0511b702f5e5a0375a250be6c68458209d2c056b4dbd5,Iceblox Plus,window,date 1999-12-01..2004-08-26,,,1999-12-01,2004-08-26,
f3578624,f3578624875e2b6c6b11214def4fc6eaef40ec871be0ab57875caf3a01c7d15b,DogCity,window,date 1999-12-01..2004-08-26,,,1999-12-01,2004-08-26,
f36cf05b,f36cf05bca216f58a37ab1c9741809029b09afb427ae11e666388a0f8b8f16b0,Colin McRae Rally 4,run,run 2004-05-11,2004-05-11,2004-05-11 — nearby text/file hint,2004-05-11,2004-05-21,
f44b1011,f44b1011cb9501ac21ec79a57883320b8277a9739afcb7393457f54d5a261ed5,Wilione,window,v1.02 [2003-10-13],,,,,
f5f02434,f5f02434d062c311c0a1f289fd3398cb4cf0cb00d485aa93023fd8c6fe5df0af,Snooz,window,date 1999-12-01..2004-08-27,,,1999-12-01,2004-08-27,
f665dde8,f665dde835effe4d509e69be6fdb7c4fac5a93da6e05b44e2226f78dd2454cbd,Micro War,window,v1.1 date 2004-03-11,,,,,
f8acbab8,f8acbab8282ac79a35aa82902bf822d60745a8b057ca76a2ef3b49dd6148d469,Karaophun!,window,date 2003-06-16..2010-06-20,,,2003-06-16,2010-06-20,
