sha256,release_id,profile,title,path
78ddc93483969b45e9a445ca62a0ad0a09cf471d022535691df1692275993359,78ddc934,T3xx,1849 Gold Rush,T3xx/1849 Gold Rush/1849 Gold Rush.mpn
b5de1adabc979ceac5c99b6b347beecfacd0c531d3f3f9bba26198345cbd4bfe,b5de1ada,T3xx,Aank City,T3xx/Aank City/Aank City.mpn
7d1bbca0e2256317aea97ecdb8ab7e993a9577ed4b8f9764340b354198976e86,7d1bbca0,T3xx,Ace of Spades,T3xx/Ace of Spades/Ace of Spades.mpn
a94b704d4326f9251dd4ea17e1a8f06363160609b3462365a380f7991dfb6edf,a94b704d,T3xx,Alien Assault,T3xx/Alien Assault/Alien Assault.mpn
d7225010bd11fca987de65d769404447599240e568d24be5f162bd0e84c1b359,d7225010,T3xx,Alien Scum,T3xx/Alien Scum/Alien Scum.mpn
d8dc254fc3df65554aed19fcce20b8f27a8ce8927396a930a1dbe3232eb5e40b,d8dc254f,T3xx,AlienScum,T3xx/AlienScum/AlienScum.mpn
2375f1626c8efb68c5b9c22b5cda69c4a954fe8df7b37fe12a6495dc3f6a73d5,2375f162,T3xx,Alpine Ski,T3xx/Alpine Ski/Alpine Ski.mpn
cea67b8eb08cfd9ac609aee630543f0c9b9e3c302aa51329a07ceae5d3f2369e,cea67b8e,T3xx,ATC,T3xx/ATC/ATC.mpn
fb00e649ac237d7808477a854cf3c97e8f669c66a9477f27f008497d6bc6bfb3,fb00e649,T3xx,Basketball Challange,T3xx/Basketball Challange/Basketball Challange.mpn
1deaa154ef874e9b073520194e5bbf067e58ea36804cab95e76f7b1b4f3074eb,1deaa154,T3xx,BeachRivals,T3xx/BeachRivals/BeachRivals.mpn
a7df46a422deb73e6dee9f729476eb9ea9604ae9bea5386b75d115c8d16d1561,a7df46a4,T3xx,Berserko Blocks,T3xx/Berserko Blocks/Berserko Blocks [v1.1].mpn
5d293193dd8170954b513615c3489ac96f090fcaa6c24f8054e1f45aabc63d07,5d293193,T3xx,Berserko Blocks,T3xx/Berserko Blocks/Berserko Blocks [v1.4] [r5d29].mpn
bd80bec89e5e27c5d3be8b54c346d97aed905414cece66626994a70dda71b10a,bd80bec8,T3xx,Berserko Blocks,T3xx/Berserko Blocks/Berserko Blocks [v1.4] [rbd80].mpn
a7db284d2cd296eeda49127baa8e129257d2a4dc820d9c5159897561d646bd22,a7db284d,T3xx,Black Deal,T3xx/Black Deal/Black Deal.mpn
7e68281810fc9282ee1e4ec93e5310fe177f5ea816c13b0170517eeca2c6081c,7e682818,T3xx,Boulder Dash(C)-M.E.(TM),T3xx/Boulder Dash(C)-M.E.(TM)/Boulder Dash(C)-M.E.(TM) [Demo].mpn
7e5decc0aceea757a0ce82e93feb06822e2c26b22e1a8e4dad1ce7fc6f58a37a,7e5decc0,T3xx,Boulder Dash(R)-M.E.(TM),T3xx/Boulder Dash(R)-M.E.(TM)/run 2003-06-16/Boulder Dash(R)-M.E.(TM).mpn
9f07c0dad93f8e07ef1062a5c6286d8df0b5ad437e20e938a143cfdce064ad74,9f07c0da,T3xx,Bouncy,T3xx/Bouncy/Bouncy [v1.2] [r9f07].mpn
c6c82bcc799c93134f4e8f94e570cc58c16fee8df4775b1781d331950bcf1ada,c6c82bcc,T3xx,BrainVita,T3xx/BrainVita/BrainVita.mpn
d148cc58da3245b49bd7d0468b0822cef27eb9cc372b24d9cda7cc22fe630eaa,d148cc58,T3xx,Bubble Trouble,T3xx/Bubble Trouble/Bubble Trouble.mpn
feb943a62b8b5c38caa940744afbdc2eb8d2ad654e54b54a64e7ab0fa1adb3fb,feb943a6,T3xx,BurgerMatic,T3xx/BurgerMatic/BurgerMatic [v1.4].mpn
c168511c2844119e719a24a33d622f0eaa9634796b5a62e5478c598707ca04d9,c168511c,T3xx,BurgerMatic,T3xx/BurgerMatic/BurgerMatic.mpn
e36947fc41ebe73ba558ca6bb016e39f5771f6c7cc70343e388ab43e9958f101,e36947fc,T3xx,Captain Lunar,T3xx/Captain Lunar/Captain Lunar [v1.1].mpn
75c280b395abbea301bfeb3f45ac14822072f09027123253cf02eda5fba5181e,75c280b3,T3xx,Changs Orbhunt,T3xx/Changs Orbhunt/Changs Orbhunt [v0.1].mpn
e4d0e38cffd9c77d2942d06a30b0b24a6733aba63d35bb84c97e0feceb7b1373,e4d0e38c,T3xx,Changs Orbhunt,T3xx/Changs Orbhunt/Changs Orbhunt [v1.0].mpn
6731ffc1abe8760b407f12919e289f868f2b68b4d0bffce67bf0b73e670535e9,6731ffc1,T3xx,Changs Orbhunt,T3xx/Changs Orbhunt/v1.0 date 1999-12-01..2004-08-27/Changs Orbhunt [v1.0].mpn
a69db37e5dab354d46f927fb6318da5fea55259003a5034c77f18c723642bcf9,a69db37e,T3xx,Changs Orbhunt,T3xx/Changs Orbhunt/v1.0 date 1999-12-01..2010-12-31/Changs Orbhunt [v1.0].mpn
fdb471f92e68cc3cfe34591b75a6197d9d8499991e68c17fc62bf7adb842e27c,fdb471f9,T3xx,Chaos Realms,T3xx/Chaos Realms/Chaos Realms.mpn
0ccf59f7a66acb0ff9a0f5c8cc047caaf9d3fee8ab662a4b26ad4d1f4382b1d3,0ccf59f7,T3xx,Checker Connector,T3xx/Checker Connector/Checker Connector.mpn
97f30cdefc549d9c772d501c96eab8c51619f51ba28dc8e1f1ae97e7d6428f42,97f30cde,T3xx,Cheezy Race,T3xx/Cheezy Race/Cheezy Race [Demo] [r97f3].mpn
db686df1bda70e4a41bf8b1f6087a32bc08aee2ef066c01fb4b943b063f54228,db686df1,T3xx,Cheezy Race,T3xx/Cheezy Race/Cheezy Race [Demo] [rdb68].mpn
3c5aa3ff6dffc95a1a82d8585917a4b0c7cef7d7fca58933190c09492701b24f,3c5aa3ff,T3xx,Cheezy Race,T3xx/Cheezy Race/Cheezy Race.mpn
24ac50f770f337372a5a8d167d30595fce9a3bee43f0a07279e6b944e4cd79e9,24ac50f7,T3xx,Chesswizz,T3xx/Chesswizz/Chesswizz [Demo].mpn
86c2b8b6c4a1c63b5995ae1f1d45279e9db5b58faba1050ad191618fead10de5,86c2b8b6,T3xx,Chesswizz,T3xx/Chesswizz/Chesswizz [v1.4.1 T3XX EN].mpn
d492d878982c67cd8702da98534923139ee04302b0a58ff3af0038ed4ae7e135,d492d878,T3xx,Chesswizz,T3xx/Chesswizz/v1.4.1 T3XX EN date 2003-06-16..2010-06-20/Chesswizz [v1.4.1 T3XX EN].mpn
fb090e81e86d6be4e13e94da2c554d6cb7e7c6c4ddcdfd9d58ea15f315f1a7f7,fb090e81,T3xx,Colin McRae Rally 4,T3xx/Colin McRae Rally 4/Colin McRae Rally 4.mpn
89fc03ad8470dbeab486ba669f2a9f19d965b4a2dd5b6979718d332e081a7fcc,89fc03ad,T3xx,Corners,T3xx/Corners/Corners [v1.1].mpn
6f40b88d43d08e707ff992c1850684596db1d30be74901d3e8c4f1015aa67d87,6f40b88d,T3xx,Cranebit,T3xx/Cranebit/Cranebit [v1.0] [r6f40].mpn
d98936771daac3496816a2ffd6b6795cded492c4e160a728118041a9cbfea9ed,d9893677,T3xx,Cranebit,T3xx/Cranebit/Cranebit [v1.0] [rd989].mpn
fc780d11809078fa77bf2dd38335ef355129ef164314b56b1604b8309420d798,fc780d11,T3xx,Cubed,T3xx/Cubed/Cubed [Demo].mpn
ccf9c64bd1e4e6e7350d2de1024d2d79eb47d08558843683378790fc2bb1a274,ccf9c64b,T3xx,Cubed,T3xx/Cubed/v1.0 run 2003-06-16/Cubed [v1.0].mpn
a4a7c9e78f8762432907d8bbcfed71cab50877de29c3a4cc448471d6b90ecc0f,a4a7c9e7,T3xx,Deep Abyss,T3xx/Deep Abyss/Deep Abyss.mpn
3256475f5236bf3e752e92eadc7f482d77f5246badcf4ff03ef8ec949bcbaec1,3256475f,T3xx,Diamond Hunter,T3xx/Diamond Hunter/Diamond Hunter.mpn
f3578624875e2b6c6b11214def4fc6eaef40ec871be0ab57875caf3a01c7d15b,f3578624,T3xx,DogCity,T3xx/DogCity/date 1999-12-01..2004-08-26/DogCity.mpn
458adb7ec5aa4da3ca952a885d48661d12f20391a70412b1c62c0d4dd8bba74a,458adb7e,T3xx,DogCity,T3xx/DogCity/DogCity [Demo].mpn
54f8b17d8bdd5aa4232950ee2550b5343eb1be4b9413e3bb0f72b9f9bdd98cab,54f8b17d,T3xx,DragonTale,T3xx/DragonTale/v1.2 run 2003-11-11/DragonTale.mpn
acc4b6c542fbed7fd82cb653542d2cb01cd26e93817848ce4d234093f8c524a3,acc4b6c5,T3xx,DropDown,T3xx/DropDown/DropDown.mpn
bd997d253d83c9d03f244dbabbc460c0c9dc88db2eb2fb3d3aed9e48225e51bb,bd997d25,T3xx,Evac,T3xx/Evac/date 1999-12-01..2004-08-27/Evac.mpn
ef8d4cc64181565110796d208016a90bf9e579e0d7861e206e5c70b88a210c99,ef8d4cc6,T3xx,Evac,T3xx/Evac/Evac [Demo].mpn
9d9e92cc73b16c22dbe7f38014de09536c03e7a2d44e406e6f156c4230823818,9d9e92cc,T3xx,Final Hit,T3xx/Final Hit/Final Hit [v1.3].mpn
9d3856da3e281afbf37bb887f5ee1d485f509c03112e55a583974402398cb046,9d3856da,T3xx,Final Hit,T3xx/Final Hit/v1.3 date 2003-06-16..2010-06-20/Final Hit [v1.3].mpn
a79a60af11bc84de250696ecd9e0c6d49451310a677bb54ab0956e881bd5ddc9,a79a60af,T3xx,Fire Power,T3xx/Fire Power/Fire Power [v1.0] [ra79a].mpn
7acff78198b841e13619a3a89af6209953bf39f23b9fb545d4269e5b0ade3c8c,7acff781,T3xx,Five Stones,T3xx/Five Stones/Five Stones.mpn
eb7cbe5f5f664b2dd701ab9ee36af5025fde142ec2194a7cfc74664b47d8f6bc,eb7cbe5f,T3xx,Fornax,T3xx/Fornax/Fornax [v1.0] [reb7c].mpn
7a47ca5e2f3aaf0306f700b3018e25db65b322ee85493467e57a933d3b53bb38,7a47ca5e,T3xx,Get-Away,T3xx/Get-Away/Get-Away.mpn
2295ad039a1c270484c855d5134d44abcdb700fe4b592bbfec34975a9e809825,2295ad03,T3xx,Graviation,T3xx/Graviation/Graviation [v1.0] [r2295].mpn
c11e8573963080565d3acd7d5da90cb18c0505cb6b37ca74b32a58c8f3c54324,c11e8573,T3xx,Graviton,T3xx/Graviton/Graviton [v1.0].mpn
79afe4ed8f760ea6bd929490e70896a96760a230f855ebd415dcf28f38518af2,79afe4ed,T3xx,Hearts,T3xx/Hearts/Hearts.mpn
626e857ffeab2548ac713198a71f6c0daffecb4c40b49d26ee7ccec053334424,626e857f,T3xx,HUNTING SEASON,T3xx/HUNTING SEASON/HUNTING SEASON [v1.0] [r626e].mpn
b6fb1f22cd435587dfd3ac2b07f2f83b38dc66a892ae8c6f05599452999710d0,b6fb1f22,T3xx,Huntsman,T3xx/Huntsman/Huntsman [Demo].mpn
07f9ecaa1f1662683543eb299ec64e25eba22fd1441c85d9ae8ec06c16baa289,07f9ecaa,T3xx,Iceblox Plus,T3xx/Iceblox Plus/date 2003-06-16..2010-06-20/Iceblox Plus.mpn
99fe8ccd4879f48f70ff1b9dae215d14e8bcc9ea9405ba33c4443f028976e2bf,99fe8ccd,T3xx,Inferno VolI,T3xx/Inferno VolI/Inferno VolI.mpn
8c736ef6c9f37074ef1b9baa938c9fa8b62df80b1d0c175c443bb72684c155ef,8c736ef6,T3xx,Ishido,T3xx/Ishido/Ishido [v0.9] [r8c73].mpn
c3c8ce50a16db75cf705dcf7c79d8f8d95fe0c3e4afa8d4b2a67432266ae3dfb,c3c8ce50,T3xx,Italian Job,T3xx/Italian Job/Italian Job [v0.38].mpn
037bac1d1137ff83335d0ff44c4b1edf4af20643a5c93949f072c4586b2d8096,037bac1d,T3xx,Jumping Bubble,T3xx/Jumping Bubble/v1.03 date 2003-07-27..2003-07-28/Jumping Bubble [v1.03].mpn
e036310e32830f707c59f920e80d47388b3ec95eee1fa830427edd042edb8140,e036310e,T3xx,Jumping Bubble,T3xx/Jumping Bubble/v1.03 run 2003-07-28/Jumping Bubble [v1.03].mpn
f8acbab8282ac79a35aa82902bf822d60745a8b057ca76a2ef3b49dd6148d469,f8acbab8,T3xx,Karaophun!,T3xx/Karaophun!/v2.21 date 2003-06-16..2010-06-20/Karaophun! [v2.21].mpn
05483da1db4fdd7cbb2f37d2a484aacddbfa20b56532268872ba635b05aba8bb,05483da1,T3xx,Karnak,T3xx/Karnak/Karnak [v1.06].mpn
e4391cf12323d58639c389d0fcee321f637c70e154152d86f8e2207fdeea0a3b,e4391cf1,T3xx,Klaps,T3xx/Klaps/Klaps.mpn
0e72cc360d73fccce0884c146a89b8116c49b0abab786bbc80eb7ff2354b65e5,0e72cc36,T3xx,Lavirinthos,T3xx/Lavirinthos/Lavirinthos [v1.1].mpn
b0c6c1ec51f01d6d88183e6a4a5fa1c8ffed0ce4fd130f67617c56a6d1b5bef9,b0c6c1ec,T3xx,Lemtris,T3xx/Lemtris/Lemtris.mpn
5598185d6e0e309a4a8aa2c92dd4afc19a9f42e45c321a461eede4978502e0f4,5598185d,T3xx,LoveFromAbove,T3xx/LoveFromAbove/LoveFromAbove.mpn
e06a14292a5ae50c3a8438951f54379f7f5f6a842980bc073da19c1879aef0c2,e06a1429,T3xx,Micro Post Client,T3xx/Micro Post Client/Micro Post Client.mpn
f665dde835effe4d509e69be6fdb7c4fac5a93da6e05b44e2226f78dd2454cbd,f665dde8,T3xx,Micro War,T3xx/Micro War/v1.1 date 2004-03-11/microwar.mpn
b9add1db8d25948fd2dbdf0f18584afcc39ff65d7f84e2580de93e1f3cead1f1,b9add1db,T3xx,Minigolf,T3xx/Minigolf/Minigolf.mpn
5d4f15512aba4fcd7ff1a6b505501fa557cda9ef768b3987ac1087c279c1983d,5d4f1551,T3xx,MoDarts,T3xx/MoDarts/MoDarts.mpn
27e4f771d6f192c16ed70fa10ca8bde4cae3963be37b18b29d34395bc27d90a7,27e4f771,T3xx,Monkey.B,T3xx/Monkey.B/Monkey.B [v1.2] [r27e4].mpn
ec9904340b5edfb7f472bf567d2cc5dd6e36362235f1d76277d64e4c69c39ced,ec990434,T3xx,Monkey.B,T3xx/Monkey.B/Monkey.B [v1.2] [rec99].mpn
1f1976f682c3cbe9003a8d5ead87c35821db178979455589d8a781a4903b09da,1f1976f6,T3xx,MOTORCYCLING EXTREME,T3xx/MOTORCYCLING EXTREME/MOTORCYCLING EXTREME.mpn
e2f3e1cd4bd54975229d10275ff20e027c8b0d1331889d58f110e00d56cb4f10,e2f3e1cd,T3xx,My Karaoke Xmas 1,T3xx/My Karaoke Xmas 1/My Karaoke Xmas 1 [re2f3].mpn
a8ab9bb43909d25eac02a9e9c1b05b5dfe41e7fd2a4848b64d8f881f3a2e2214,a8ab9bb4,T3xx,No Refuge,T3xx/No Refuge/No Refuge.mpn
b71a501105b0f10bb6ed9331334a24c7086291f667397fb7bed74ed4a7d4fc55,b71a5011,T3xx,NostalgiaBall,T3xx/NostalgiaBall/NostalgiaBall.mpn
e4f608e3538ac39bd0783c1f0be2543ec435d21e36116a456c0b0400eec7f3cb,e4f608e3,T3xx,numberdrop,T3xx/numberdrop/numberdrop [v1.0].mpn
32559c7e32ee1935ad326d2b8abcc17f596a524fc5d9196766d5990a1bd1779f,32559c7e,T3xx,Pexoso,T3xx/Pexoso/Pexoso [v1.0] [r3255].mpn
6af8974bcf6118d9a3955ce0720fac6484a15283c7b44f3d84a1d38aaf160388,6af8974b,T3xx,Pexoso,T3xx/Pexoso/Pexoso [v1.0] [r6af8].mpn
0cb0589b0d9146919a113fa5733a57fb362996059f0fdb21c622a7cc347f0473,0cb0589b,T3xx,Pipes'n'Robots,T3xx/Pipes'n'Robots/Pipes'n'Robots.mpn
d0463b446ac4b65effff52e10db24cab05092d4c6994622f2dce27d8bd3719a5,d0463b44,T3xx,pocket tennis,T3xx/pocket tennis/pocket tennis.mpn
4a6e8881bd2aa7ed6ebedc1821dc54679f41421097bfc8b03fc5bc157d2de9b4,4a6e8881,T3xx,Poker Showdown,T3xx/Poker Showdown/Poker Showdown [r4a6e].mpn
4b05145c1f528ccfec65fdae626c3cd11175365b8707cdd554a7c2957a8413eb,4b05145c,T3xx,Poker Showdown,T3xx/Poker Showdown/Poker Showdown [r4b05].mpn
f788d2783b1204ba5f180c0604c7916524011b89e5fc2f824c410290cd0aba3d,f788d278,T3xx,PoP-A-HooP,T3xx/PoP-A-HooP/PoP-A-HooP.mpn
31e4162ed4031740b75df27222e5fcd767bc545d652ab695b70c64afc09747c0,31e4162e,T3xx,Prehistorik Man,T3xx/Prehistorik Man/Prehistorik Man [Demo] [v0.1].mpn
37447523c02e0fd620be5d6889ac8185984c39ba5927637c29129bf12c5a9b93,37447523,T3xx,Prehistorik Man,T3xx/Prehistorik Man/v1.1 date 1999-12-01..2004-08-26/Prehistorik Man [v1.1].mpn
81ca3c86cb3ad7504a10124b0e44dca566be32662061f2eea0cc2b18ceab506e,81ca3c86,T3xx,Puzzle Mania,T3xx/Puzzle Mania/Puzzle Mania [v1.00] [r81ca].mpn
bffb12b2383bb3b61133a66ade2740dd7ed42b7902cd52da60856076a7a0377d,bffb12b2,T3xx,Puzzle Mania,T3xx/Puzzle Mania/Puzzle Mania [v1.00] [rbffb].mpn
754e77bba403499cde265b307bd1b8868711ae22483b6e5542b458e8f5883888,754e77bb,T3xx,Q Soccer,T3xx/Q Soccer/Q Soccer [Demo].mpn
5ce8f3f588c590cc2aa9d21d3df8de0947baccd7b8302298ae3eadcf6d825073,5ce8f3f5,T3xx,QB Challenge,T3xx/QB Challenge/QB Challenge.mpn
9d5c006f5ff3da9a848ad380b36439bed8c7873726ec661d4223d8875e34809b,9d5c006f,T3xx,Rally Racers,T3xx/Rally Racers/Rally Racers.mpn
669f69b0d3a2496438c6488b8343c1c7f47cedc96aa1b01db99c4f96040ae4d0,669f69b0,T3xx,Rally,T3xx/Rally/date 2004-03-10/Rally.mpn
07b7637913de8169741a07ba6abc0c460e7a7ace29b3a7936455529568628b58,07b76379,T3xx,Rally,T3xx/Rally/Demo/Rally.mpn
a8e33782b61e22f9976adbe587741e35d088c8c4066334bb4583b65e3466e06c,a8e33782,T3xx,Rally,T3xx/Rally/v1.02 date 2004-03-10/Rally.mpn
4b4fa3f8ffba376c3b5f551c504997e1dc2ea6ea7fb51f36e7936ddf6a22ecd4,4b4fa3f8,T3xx,SAAF,T3xx/SAAF/SAAF [v1.1].mpn
ff30bea2882102ae9c7b077c741e57c051d097737fc16edc7796c9a069036e49,ff30bea2,T3xx,SAAF,T3xx/SAAF/SAAF [v1.2] [rff30].mpn
16c94f41712166b16d4de28c89c99368742c02406adfc1bd2d45453dd9a863dc,16c94f41,T3xx,Samurai's Adventure,T3xx/Samurai's Adventure/Samurai's Adventure [v1.0] [r16c9].mpn
32be42f2f6a226466cd5964f0860741c14af36ff95fcb8d1b729a85a02545b4f,32be42f2,T3xx,Samurai's Adventure,T3xx/Samurai's Adventure/Samurai's Adventure [v1.0] [r32be].mpn
57ed112475b16c9e18bc4cfdfc209b233dc9d66b906843204eba0aa965748f62,57ed1124,T3xx,SantaMania,T3xx/SantaMania/SantaMania.mpn
02d7cc492c945f146aee3f001125a3a0a45f8aafb41bb63aaa58569e1d219604,02d7cc49,T3xx,SCRAMBLY,T3xx/SCRAMBLY/SCRAMBLY [v1.0] [r02d7].mpn
8d7008e7df340c0aa3685c5399f810225c55c5e65a2e0d10e0837484089d482c,8d7008e7,T3xx,SCRAMBLY,T3xx/SCRAMBLY/SCRAMBLY [v1.0] [r8d70].mpn
2aa7da706fb8a85c9a59d943c9b132303d7f2457c43bf16380288d23d0cd9190,2aa7da70,T3xx,Sheep Mania,T3xx/Sheep Mania/Sheep Mania [Demo].mpn
dad484dc108dfa6c11766584325017447976bfa4d87817680297b95a1957fa87,dad484dc,T3xx,Sheep Mania,T3xx/Sheep Mania/Sheep Mania [v1.3].mpn
ab2840cbeebe1df297b5b6e0ac813d360e042ba21a6dfd6fb014ee978042651c,ab2840cb,T3xx,Sheep Mania,T3xx/Sheep Mania/v1.3 date 1999-12-01..2004-08-27/Sheep Mania [v1.3].mpn
c2ee65eb10a55d31c0f027caf13b47872c2d04cd9ab5f7f31c0474b359d7fc22,c2ee65eb,T3xx,Sheep Mania,T3xx/Sheep Mania/v1.3 date 2003-12-30..2003-12-31/Sheep Mania [v1.3].mpn
dc7753946ec84ec76fb01d8604d50d2e5e1d6a34cfb682b0727c051bdfb13d43,dc775394,T3xx,Shooting Star,T3xx/Shooting Star/Shooting Star.mpn
48e15c37e2464174d5b56152a369b88693b67f59bb1c25fb15a5e82ce2be74d0,48e15c37,T3xx,SnowboardBob,T3xx/SnowboardBob/SnowboardBob.mpn
482662b599d3d57e6d20fe05c062c8eb3ee16b0b02ac336bf20dd7623dea1ba7,482662b5,T3xx,SnowboardX,T3xx/SnowboardX/SnowboardX.mpn
2315547cec962e7f7f4284915a922fca5d61476488b55aa26ecc279fb6b75e02,2315547c,T3xx,Something Fishy,T3xx/Something Fishy/Something Fishy [v1.0] [r2315].mpn
c81499043e8680d2bc13b0b1aeb44cd5df06440bbd704ba720d7ed54643cc8ce,c8149904,T3xx,Space Box,T3xx/Space Box/Space Box [v1.01] [rc814].mpn
532770e7dcd2698dcfcdc74b18a99c840063b40c10a0d3dde72e840e4cfb45b7,532770e7,T3xx,Spark,T3xx/Spark/Spark.mpn
c0c04ac0136b3eb4a1e1a5d2785bd3dde51e4edd8104f8be28b27f7a0a6a3ef2,c0c04ac0,T3xx,Star Trek Nemesis,T3xx/Star Trek Nemesis/Star Trek Nemesis [v0.4] [rc0c0].mpn
354d8915fcf34eb2ad2ac7f0e8c54a8178751bdff52b5f44aaf71595c45be272,354d8915,T3xx,StreetChase,T3xx/StreetChase/StreetChase [v1.2].mpn
2e1711a5ba9280c2282e4fdf3e6c569613e4d9d0420bcf7530c8f36137675b05,2e1711a5,T3xx,Strippoker Adriana,T3xx/Strippoker Adriana/Strippoker Adriana [v1.0] [r2e17].mpn
ac7f9762642aff71cbcec9d8623ae1af86a200c9c9f06de9aea58b40d3e61e2e,ac7f9762,T3xx,Strippoker Katharina,T3xx/Strippoker Katharina/Strippoker Katharina [v1.0] [rac7f].mpn
4a2edeb8bc740c6c92b9f66c7ef4a397af271761c6c1b771951aa013a9e2420a,4a2edeb8,T3xx,Strippoker Phoebe,T3xx/Strippoker Phoebe/Strippoker Phoebe [v1.0] [r4a2e].mpn
663cbaa6f93c0d81b177621388ef76c47ecc2e0352f6cdf3ff1e9a014a921178,663cbaa6,T3xx,Strippoker,T3xx/Strippoker/Strippoker.mpn
3344fb32ed7e9c57fe4e16a249a3f6ae2df40de5d5c9bb6d4c9a1fbefbc04a47,3344fb32,T3xx,Supah Worm,T3xx/Supah Worm/Supah Worm [r3344].mpn
14543483572dfa654d92e4684e4e2cd97d1ee307d5ca1379d645c63a62c517cd,14543483,T3xx,Supermarine Spitfire,T3xx/Supermarine Spitfire/Supermarine Spitfire [v1.0] [r1454].mpn
172f675309d949293db9cb06b668481b19f72add91a5867345e8c9c698865274,172f6753,T3xx,Supermarine Spitfire,T3xx/Supermarine Spitfire/Supermarine Spitfire [v1.0] [r172f].mpn
817c3418aaf48bee972fdc0532ecd78743ac58e703ad203dbbfbf7fa09abdd0e,817c3418,T3xx,Sweet Dreams,T3xx/Sweet Dreams/Sweet Dreams [r817c].mpn
01fb7a186fc2445631f94ce61a41b906a1db19464ad8d23c85e22d5264ff919a,01fb7a18,T3xx,Syndroid,T3xx/Syndroid/date 1999-12-01..2004-08-26/Syndroid.mpn
116332ee1d3eb7c5ca849c000d2dfb4276a6813ec8d0d666690e6d973e04977c,116332ee,T3xx,Syndroid,T3xx/Syndroid/Syndroid [Demo].mpn
b3c91f56b76a81a21353c9b3f198cc5cc0d84e843852f095271ff624f7a01ead,b3c91f56,T3xx,The Mummy,T3xx/The Mummy/The Mummy [Demo].mpn
f65a5fe4b46f2844f09a9c5c07f0fa7359c1eb45360b988cff3bfcb64d854e1a,f65a5fe4,T3xx,VegasXtreme,T3xx/VegasXtreme/VegasXtreme.mpn
a6a9609866357b7b8405f93b9130fde8e0144f19ef7d720a2540f86712cd413b,a6a96098,T3xx,Warships,T3xx/Warships/v1.1 run 2003-10-28/Warships [v1.1].mpn
ee91a4735dd0bbf646775ea625d892f10356e364f30fcce1fcc072b7f650c8b7,ee91a473,T3xx,Warships,T3xx/Warships/Warships.mpn
45a765e7f9ab1a7fe61e341cbdd41d4a8dda9420358d69af3793466378402035,45a765e7,T3xx,Word Panic,T3xx/Word Panic/Word Panic [v1.01] [r45a7].mpn
ac9cfadc020bbc8d5387aff4cd6e5f057f1abe3669a7895a36bb5dbc1a378cc3,ac9cfadc,T3xx,WOW,T3xx/WOW/WOW [Demo] [v1.0] [rac9c].mpn
b172c2d2ba77af26deabbd74dc42ed52b3fe880cc6f1da5b8678a37bc40222fc,b172c2d2,T3xx,WOW,T3xx/WOW/WOW [Demo] [v1.0] [rb172].mpn
60052a72766a2a2e86579fc55669e8abcce0137b94804729c7e3f3dae2ec30fd,60052a72,T3xx,yCalendar-05,T3xx/yCalendar-05/yCalendar-05.mpn
1b7b19230eb663530d998300d2d383451f206ec205e53e21f9feacf22a2be2d6,1b7b1923,T6xx,1849 Gold Rush,T6xx/1849 Gold Rush/1849 Gold Rush.mpn
c7bb8fbabbf0377fa8104b9e0317cebb92aab93785bf5ef146f068a838bc0227,c7bb8fba,T6xx,5-5 Football,T6xx/5-5 Football/5-5 Football [v1.0].mpn
e300d6c2b94736d490f376775d6dba9417fda9d5c4be7d20848b89791b18f134,e300d6c2,T6xx,5-5 Football,T6xx/5-5 Football/v1.0 date 2004-04-06..2004-04-16/5-5 Football [v1.0].mpn
c25abbab7d65d781fe39cd699270abc1e10becc0a681da09a6675a66bb411d68,c25abbab,T6xx,Aank City,T6xx/Aank City/Aank City.mpn
4aebd645d0668efd1d74bc8a74fd25fc1951afca743f822a7ba964f98a921c36,4aebd645,T6xx,AardvarkAntics,T6xx/AardvarkAntics/AardvarkAntics.mpn
ed46a5a926198cbe80361a7c61729d2c60b4c2833ba450faac2a54d0bc9ad345,ed46a5a9,T6xx,AceOfSpades,T6xx/AceOfSpades/AceOfSpades.mpn
bfc02222e4cbc68c2e0f3f82e3f282993910838514e24a4e8b357c22fd160545,bfc02222,T6xx,Agikomix,T6xx/Agikomix/Agikomix.mpn
510b215ad78c99dde3974cfbd4595fe455a71b57c7921a7375d7dff85e675ce1,510b215a,T6xx,Basketball Challange SE,T6xx/Basketball Challange SE/Basketball Challange SE [v0.6].mpn
3399f7d3b062ef6912edbe434e9e16388af175dda18a77a6a3dee3ea5e781674,3399f7d3,T6xx,Basketball Challange SE,T6xx/Basketball Challange SE/v0.6 run 2004-03-10/Basketball Challange SE [v0.6].mpn
11b766776df55c8e36a446997ae7d2c23c02cf2297a8f6eaef77e4eba2a1e851,11b76677,T6xx,Black Deal,T6xx/Black Deal/Black Deal.mpn
2187012f58dd166f225b1831ecb672e0b0a59087c5bf0455c15861d496e40e3a,2187012f,T6xx,BombJack(tm),T6xx/BombJack(tm)/BombJack(tm).mpn
929be500e819f9b031e56158e7a25144150e28bb9325ba5c52e76cfd90e11ba0,929be500,T6xx,Bone Idol,T6xx/Bone Idol/Bone Idol.mpn
a9cdb7443a38a769d55add7da7b0731cae16b66a9ec21de7c613886a940a2f9f,a9cdb744,T6xx,Boulder Dash(C)-M.E.(TM),T6xx/Boulder Dash(C)-M.E.(TM)/Boulder Dash(C)-M.E.(TM).mpn
ea30673ec946fa5c402eb8608df0fff860ced9134b8f6ae6d08b3f881fbe7f9e,ea30673e,T6xx,Canfield,T6xx/Canfield/Canfield.mpn
4bead3ee61c1aec3d597de7131ffc5e97ddb441cfd04eda03dcef91cf09bd2e1,4bead3ee,T6xx,Captain Lunar,T6xx/Captain Lunar/Captain Lunar [Demo] [v1.0].mpn
c7a5a70fce7af59483a5e64640d34380edc30b08c2c51474ef6860c17092079a,c7a5a70f,T6xx,Captain Lunar,T6xx/Captain Lunar/v1.0 date 1999-12-01..2004-08-26/Captain Lunar [v1.0].mpn
a264827d3098a2adf15a6d51e52ceac3a101e8b141b7873f8ee8216a08bbe4b9,a264827d,T6xx,CareTheMonster,T6xx/CareTheMonster/CareTheMonster.mpn
0c246dd46e91e6ffdbadc9809ff7df7e488789d1f0273a95fac5e942dbd34bff,0c246dd4,T6xx,CasinoWheels,T6xx/CasinoWheels/CasinoWheels.mpn
aae46fa7d07d616e531ea8faf22f3ded6e6c1df72e3e046beb828b447d220b67,aae46fa7,T6xx,Chaos Realms X,T6xx/Chaos Realms X/Chaos Realms X.mpn
4989ee438adc26dbcd33349a7002df03061c6d23ba7298481879ba6b75a746a3,4989ee43,T6xx,Chaos Realms X,T6xx/Chaos Realms X/run 2004-03-10 r4989/Chaos Realms X.mpn
7a9037a1a1e0c2e6e58bfbf0f99efda86d8585d5536139c83339763e8eb67e95,7a9037a1,T6xx,Chaos Realms X,T6xx/Chaos Realms X/run 2004-03-10/Chaos Realms X.mpn
82abe51833150dc1699ef474b2479b9081d462b903519f690b0eda53a1d67bff,82abe518,T6xx,Chesswizz,T6xx/Chesswizz/Chesswizz [Demo] [v1.4.1 T6XX EN].mpn
7aa490b6155b714ba9faec20685d86d4cd4cdac8e591dc2d0d4c705ff5e8d572,7aa490b6,T6xx,Chewz,T6xx/Chewz/Chewz.mpn
5f0d44d15bfc26e75b59f4e7391903285ea8abc60272ea5ef3a6a4e9687b0838,5f0d44d1,T6xx,Colin McRae Rally 4,T6xx/Colin McRae Rally 4/Colin McRae Rally 4 [v1.0].mpn
f36cf05bca216f58a37ab1c9741809029b09afb427ae11e666388a0f8b8f16b0,f36cf05b,T6xx,Colin McRae Rally 4,T6xx/Colin McRae Rally 4/v1.0 run 2004-05-11/Colin McRae Rally 4 [v1.0].mpn
ec7f9a9dde084184895e903aa93cee19ed94bf99639342aac5eca0ac1c3ce3a6,ec7f9a9d,T6xx,Corners,T6xx/Corners/Corners [v1.2].mpn
01e3ccf95eaa61b17d2c761925a811544833b3bee5345a10ea63dda9abf17705,01e3ccf9,T6xx,Crazy Jump,T6xx/Crazy Jump/Crazy Jump.mpn
c2a6cab234ee0306a2de4c6f4eb4b9747fef45a6d1b66166d16e5a6c7b9366b1,c2a6cab2,T6xx,CrazyBombs,T6xx/CrazyBombs/CrazyBombs.mpn
5eb249d96e9127146238a1804a80db5118cf9175cb705cb710f3035004673c1b,5eb249d9,T6xx,Diastima,T6xx/Diastima/Diastima.mpn
1450cb75356171a4caabcab9c4c880e9e7e3d561579a6a412e8d66062b6e3f28,1450cb75,T6xx,Diastima,T6xx/Diastima/run 2004-03-22/Diastima.mpn
6079629a0ddce8a0ef3cd59a3dcbf00c7da5d533feac8089883e588949e11d3d,6079629a,T6xx,Dogfight,T6xx/Dogfight/Dogfight [v1.0.0 C1].mpn
3f24cad1441cfb8ca2a8248b14a72b60318817cb0e1ceb5c46ef4872b9ea84f9,3f24cad1,T6xx,Dogfight,T6xx/Dogfight/Dogfight [v1.0.0 C2+].mpn
688250d51cec48e6571e8bad496b1531d7e0ab01b8db46279203cb76afb3557d,688250d5,T6xx,DragonTale,T6xx/DragonTale/Demo v1.2/DragonTale.mpn
9ab16526874882cf5ab9e3765fff6f927196abca1f21eb426bb782caf9334956,9ab16526,T6xx,DragonTale,T6xx/DragonTale/v1.2 run 2003-11-11/DragonTale.mpn
e0515ba093d9c95daf8f03c4ee4be8a11a8493dbd80c544839d0a84c9a5b8f49,e0515ba0,T6xx,Egg Attack,T6xx/Egg Attack/run 2004-04-09/Egg Attack.mpn
901022398ef479b90b9ae31c6ee893ea712da87f371c2b593905444fe761ff67,90102239,T6xx,eggo,T6xx/eggo/eggo.mpn
be400898d13a3548d2d3ab27065bad29476fed93c752edbfbdb9bcbe5e34f5ce,be400898,T6xx,Evac 610,T6xx/Evac 610/Evac 610.mpn
d91cdbf504d89d1ea983e9a8c8e573a89e8bb2ebae0d08f82fe17c39cde6fb7b,d91cdbf5,T6xx,Final Hit,T6xx/Final Hit/Final Hit [v1.4].mpn
706f1798d6beab06649397d6f2658f0cfb86f7563eb11658b904bb7be2673666,706f1798,T6xx,Fire Power,T6xx/Fire Power/Fire Power [v1.0] [r706f].mpn
f4aad144dc81e6d0cca633383cf180dd5daa351f5ba4cb3fc86ef519ec6c34a1,f4aad144,T6xx,FiveStones,T6xx/FiveStones/FiveStones.mpn
418990879203b63ed0fb6a4d1f9f5a89acad6fadb8b044b702a623667060d830,41899087,T6xx,Fling Jack,T6xx/Fling Jack/Fling Jack.mpn
d809fdd91a01dd9b8b39d4725fe8759e3aec3c79acc51031f5d1b2abdf77ebc5,d809fdd9,T6xx,Frankie Jumpy,T6xx/Frankie Jumpy/Frankie Jumpy.mpn
1542d093981f4e589d64494b9580e0ce43179fc5dec35f27a5c6b4504b866385,1542d093,T6xx,Get-Away,T6xx/Get-Away/Get-Away [v1.1] [r1542].mpn
61f031a35eb0505449adeb6e6be618034e5a2b1d4763d610427ee75ee13dd018,61f031a3,T6xx,Get-Away,T6xx/Get-Away/Get-Away [v1.1] [r61f0].mpn
7fb851e1fb4b4ab9d7a0d08ae36a876d2345d288f0e59678a9aee18adf170e6d,7fb851e1,T6xx,Graviation,T6xx/Graviation/Graviation [v1.0] [r7fb8].mpn
152cef680528db9e35bceb07b8b554e77188edd8fdb3e0efefcd1e4b00b7c2a1,152cef68,T6xx,Graviation,T6xx/Graviation/v1.0 dates/Graviation [v1.0].mpn
e5871056a7fa2b42095b6085f76fff8a18918022c78284a3d7934989e6d8879b,e5871056,T6xx,Graviton,T6xx/Graviton/v1.0 run 2004-08-26 re587/Graviton [v1.0].mpn
ebddef1903d9a3f10a59213080c6f6fda2f2bba1dbc9d1bb8da4599c7dc84a85,ebddef19,T6xx,Graviton,T6xx/Graviton/v1.0 run 2004-08-26/Graviton [v1.0].mpn
bd62b2aef5dc0f45850f5040a797c35b4c04fe390e0aad0e2a2acab2cdea9418,bd62b2ae,T6xx,Gun Carnage,T6xx/Gun Carnage/run 2003-10-30/Gun Carnage.mpn
dec4218a5111931639d94c32630896ceff1afbb25dcde9749805f78d5c5c54f3,dec4218a,T6xx,HUNTING SEASON,T6xx/HUNTING SEASON/HUNTING SEASON [v1.0] [rdec4].mpn
f2058533d31854a325f0511b702f5e5a0375a250be6c68458209d2c056b4dbd5,f2058533,T6xx,Iceblox Plus,T6xx/Iceblox Plus/date 1999-12-01..2004-08-26/Iceblox Plus.mpn
6440bbca210a10dc0ecc7865f48a28c877a5873aaaafa54f3271ae29270efb44,6440bbca,T6xx,Iceblox Plus,T6xx/Iceblox Plus/Iceblox Plus.mpn
cf1780e90b4151e5ee848691bfe5808c8d170a0bed122cfe1ed41cb04f53fdd4,cf1780e9,T6xx,Iron Waters,T6xx/Iron Waters/Iron Waters [v1.0] [rcf17].mpn
f4d4326e11291e2796d581c56dc922c924d3ecf8cc100be19efcc3272e137b45,f4d4326e,T6xx,Iron Waters,T6xx/Iron Waters/Iron Waters [v1.0] [rf4d4].mpn
34b6a2164444acef6fa26d54ab0c3659153e7e0b04bc3b7d2e9ea0b67e3e605c,34b6a216,T6xx,Ishido,T6xx/Ishido/Ishido [v0.9] [r34b6].mpn
ed9f550ae28b5aae5702512d22b4df3afb03235a724baf582c7a2ddcb8512256,ed9f550a,T6xx,Italian Job,T6xx/Italian Job/Italian Job [v0.30].mpn
ca207713cb02b0a0b630f21b81ae30f1128c42e058b33c94696a3fc4f0b3642e,ca207713,T6xx,Jeopardy!#1,T6xx/Jeopardy!#1/Jeopardy!#1.mpn
f89bb36bebbc0a506c844ee38d156e6cba3c8e8b70373ed5581f6d25291dd2ac,f89bb36b,T6xx,Jumping Bubble,T6xx/Jumping Bubble/Jumping Bubble.mpn
8db3b349012fd704a85b9ae18167d74b00b7eee24b11644dda77dba2c5511993,8db3b349,T6xx,Karaophun!,T6xx/Karaophun!/date 1999-12-01..2004-08-27/Karaophun!.mpn
b87b7f1ae1bd250e189aa9d84cb72e468c3aa0ee271c0062adcbe8e4379bdd8e,b87b7f1a,T6xx,Karaophun!,T6xx/Karaophun!/Karaophun! [v2.20].mpn
edc130499c8a3c417ed123e4a4a6d8b42ec06002011567b38c99ddd027f50f72,edc13049,T6xx,Karnak,T6xx/Karnak/Karnak [v1.00].mpn
5f54b9de655ef7363eb5f10710ddf5a6c8067eebfc8001394a99f7c2361694f7,5f54b9de,T6xx,Kool Pool,T6xx/Kool Pool/Kool Pool.mpn
e7cf76739d46660df49c65960c8ed83b9b857ff693d3952679b28808c557d6a5,e7cf7673,T6xx,KSPS,T6xx/KSPS/KSPS [v5.2].mpn
c9bb10f0072c725ca8c5c7ec1225628ef9baec5f1935eb1efe39f7330e91252e,c9bb10f0,T6xx,KSPS,T6xx/KSPS/v5.2 date 2004-03-15..2004-03-19/KSPS [v5.2].mpn
0bfb79d8645024f06b0ed0751b438d49a266379a2e41918d70793274ab1e7b4a,0bfb79d8,T6xx,Laser Maze,T6xx/Laser Maze/Laser Maze.mpn
76b18c1727517dbccf8daf0a6896c9767ec5f21708882472c0cb789ad621d229,76b18c17,T6xx,Lavirinthos,T6xx/Lavirinthos/Lavirinthos [v1.2].mpn
f07be64f016a64964475180b6111f8cc04a6bd387cd6d3c72b75939214d5ea08,f07be64f,T6xx,LoveFromAbove,T6xx/LoveFromAbove/LoveFromAbove.mpn
27b3fae1e0143e7b3bdc10ad5caadc54494ce10b902d636d23af0bca425b19ce,27b3fae1,T6xx,MahjonggMINI,T6xx/MahjonggMINI/MahjonggMINI.mpn
69c7af80497f3118529fb5fd31e3362b588ba0a8bc771244e4fe1e3f471c148a,69c7af80,T6xx,Minigolf,T6xx/Minigolf/Minigolf.mpn
c43b24eeb916e11253cc867ab98c1aeca46d87fc2bd97330cce08162fb87fef9,c43b24ee,T6xx,numberdrop,T6xx/numberdrop/numberdrop [v1.1].mpn
746783890f894312cc94b793bda5024c1f6718bdaa6bc47942837ace21fd4600,74678389,T6xx,Patience,T6xx/Patience/Patience [v1.2] [r7467].mpn
b4afc257bb25f8c5f17c023c63f776041fbe36af64f7150cfe3ed2f8e5a65f15,b4afc257,T6xx,Patience,T6xx/Patience/Patience [v1.2] [rb4af].mpn
d3e718bcc4a2980d15a65f8d2604e008e79547ce325c80c84bbcfefadf3c8228,d3e718bc,T6xx,Pegs!,T6xx/Pegs!/Pegs!.mpn
f13eac73a883b3507cdc79acb09ae404d9d61a8cc8566e60812a3c58deafd969,f13eac73,T6xx,PhunMarbles,T6xx/PhunMarbles/PhunMarbles.mpn
8eb59e839ff1b59c4eb24efd2f6f60895c3fdfcf5fdda356d8cc4eeb61a00048,8eb59e83,T6xx,Poker Showdown,T6xx/Poker Showdown/Poker Showdown.mpn
4467c63beae4f548bbf3dcec12257b0aba114b71a01a1df01c3884e6f4d5f40c,4467c63b,T6xx,Poker Showdown,T6xx/Poker Showdown/run 2003-11-09/Poker Showdown.mpn
4ebdf6a509972424472fb74a044cd242781149d6100addfd73ea2cc74150ba8b,4ebdf6a5,T6xx,PokerDice,T6xx/PokerDice/PokerDice.mpn
c3bbb5bd1fa4c037a83328c741e73cb913739bc21919b7bfaefd6a3efadd5060,c3bbb5bd,T6xx,PuzzleSlider,T6xx/PuzzleSlider/PuzzleSlider.mpn
be99f3823ce4e42919ca33a02c9737dadfb8b1251c19593dabbe7c5495924426,be99f382,T6xx,RC Battle,T6xx/RC Battle/v1.2 date 2004-03-07/RCBattle.mpn
a5ef645c5bd392f1a66c630728911c55f52bd609b3e9f9f8b6d26bf060be3701,a5ef645c,T6xx,Rotopuzzle,T6xx/Rotopuzzle/Rotopuzzle.mpn
79c205f6f79798155c9d42cae3cc5eb0698aa41860413a56f927dae0f2a5a57a,79c205f6,T6xx,Sheep Mania,T6xx/Sheep Mania/Sheep Mania [v1.2].mpn
a73399fbdf37d1c7e8612e8637caa5570e0e3c27a1ee3b210ff240cb5f3828c4,a73399fb,T6xx,Sheep Mania,T6xx/Sheep Mania/v1.2 date 1999-12-01..2003-08-14/Sheep Mania [v1.2].mpn
df7ab53c456bd574177a645b5830687406be10aa19b00eeb45e57cf68c588dc0,df7ab53c,T6xx,Shooting Star,T6xx/Shooting Star/Shooting Star.mpn
0251a558ae58d69c973c22228b5a308f22f21e83622dea3834ffbea5ad635836,0251a558,T6xx,Snakebite,T6xx/Snakebite/Snakebite.mpn
f5f02434d062c311c0a1f289fd3398cb4cf0cb00d485aa93023fd8c6fe5df0af,f5f02434,T6xx,Snooz,T6xx/Snooz/date 1999-12-01..2004-08-27/Snooz.mpn
6e95f5015eac4ba1225a0fe327f5df03a1f84ce6176bb6dd0cd1babf0e77da2f,6e95f501,T6xx,Something Fishy,T6xx/Something Fishy/Something Fishy [v1.0] [r6e95].mpn
53a22f99f36bf3f34929c2e62c747ff342bd0fcf98bfb8aa00d884b7497723ea,53a22f99,T6xx,Space Box 3D,T6xx/Space Box 3D/Space Box 3D [Demo].mpn
2f15a586d561739887f8583848d826efe960e2c012d4999e098107dc3841aee5,2f15a586,T6xx,Space Box,T6xx/Space Box/Space Box [v1.01] [r2f15].mpn
48bf48ac48f10b67ed2d674a6cb4d60cfe40210618a4846beb8c88991af2ca17,48bf48ac,T6xx,Space Box,T6xx/Space Box/v1.01 date 1999-12-01..2003-08-14/Space Box [v1.01].mpn
82771a478e9c04565190dc0800b0cc20e6d230bf402b1a556f7b95250d350df3,82771a47,T6xx,Space Box,T6xx/Space Box/v1.01 run 2003-08-14/Space Box [v1.01].mpn
9f9d986525677c273434aa3ad463ffc10c2d8de3a7a23c08d87f4d6bb94dcbc3,9f9d9865,T6xx,Star Trek Nemesis,T6xx/Star Trek Nemesis/Star Trek Nemesis [v0.4] [r9f9d].mpn
7a982e2412c16732c5e1d94bd966de2a53779af0a73e6c2dfa343d8dcecbddef,7a982e24,T6xx,Strike Out,T6xx/Strike Out/v1.0 date 2004-04-17..2010-12-31/Strike Out [v1.0].mpn
a0171e1ddd2e23b1ad4f1db387bb645f2d793261b8437abda5889097fb36a9b3,a0171e1d,T6xx,Strike Out,T6xx/Strike Out/v1.0 run 2004-04-17 ra017/Strike Out [v1.0].mpn
57678f2b87f7e8bc86aba102ffd98ae2629a65f62c30b4b0fe9c8ee948a2825c,57678f2b,T6xx,Strike Out,T6xx/Strike Out/v1.0 run 2004-04-17/Strike Out [v1.0].mpn
a2f12147b01e627c5e32cd3554ad60f669afa2587073d4f80203a0a18e1fb32f,a2f12147,T6xx,Strippoker Adriana,T6xx/Strippoker Adriana/Strippoker Adriana [v1.0] [ra2f1].mpn
d909553afedbd3e03b724ed72d9fd48af53fe1b049d58099fe6def526a68aa71,d909553a,T6xx,Strippoker Katharina,T6xx/Strippoker Katharina/Strippoker Katharina [v1.0] [rd909].mpn
f00947b71305a37ba7b050c619b93b27560beae8591a3694d618e89886ac187d,f00947b7,T6xx,Strippoker Phoebe,T6xx/Strippoker Phoebe/Strippoker Phoebe [v1.0] [rf009].mpn
b57a23d8b6aa9f7a686a470200c7c7309f9f94faecd00b09e8cb9b420faeca5e,b57a23d8,T6xx,Subhunt,T6xx/Subhunt/Subhunt.mpn
37c03a20ff4d2b813e5b9656dc71810b12ee9c84c31643cc947947b01968eaca,37c03a20,T6xx,Supah Worm,T6xx/Supah Worm/Supah Worm [r37c0].mpn
e5f8b77e8a41d31534555950e6ccb8c49c6745aeb2057f50c516ab4addd76e27,e5f8b77e,T6xx,SushiFighter,T6xx/SushiFighter/SushiFighter.mpn
76fd4120e62e57c921147d2999bf29eef873b6ceb4901c7c61eba0af8f9954bb,76fd4120,T6xx,Sweet Dreams,T6xx/Sweet Dreams/date 2004-03-22..2004-03-24/Sweet Dreams.mpn
cc84bf3a1c86d513c09aae2fac43c02f234d7c8019e2b978edc0bcc0656e18ba,cc84bf3a,T6xx,Sweet Dreams,T6xx/Sweet Dreams/date 2004-03-22..2010-12-31/Sweet Dreams.mpn
6477404e9b12b37420f629e4de3b395788ac1425d19c793f049bdd1e337066e7,6477404e,T6xx,Sweet Dreams,T6xx/Sweet Dreams/Sweet Dreams [r6477].mpn
7b3a45f420e6e1851d78bc038429a2e6ca9126c863c271360378a4d286758ea1,7b3a45f4,T6xx,Tony Hawk,T6xx/Tony Hawk/Tony Hawk [v1.01] [r7b3a].mpn
cf05367046004f75bd5bb654e27af5118b6ef0c564e6be5d101e1e23605d69a5,cf053670,T6xx,Tony Hawk,T6xx/Tony Hawk/Tony Hawk [v1.01] [rcf05].mpn
941b542b592337ec5351abfb519cb1a95cdbc473cfc6efc49be57a8ab37da1b8,941b542b,T6xx,Tony Hawk,T6xx/Tony Hawk/v1.01 date 2004-03-20..2004-03-24/Tony Hawk [v1.01].mpn
3dda6bc3e7b916cab20422a3fa676727fade18daffd0689ba4e5511a671f5be7,3dda6bc3,T6xx,Tony Hawk,T6xx/Tony Hawk/v1.01 run 2004-03-11/Tony Hawk [v1.01].mpn
951a53010a05eb1002e7b8b0b7f1ae66c9b3b0abc2e56fa8907f15851d6c8d28,951a5301,T6xx,Tony Hawk,T6xx/Tony Hawk/v1.01 run 2004-03-24/Tony Hawk [v1.01].mpn
7182b407dbfeb17789f756c7526fc0a6a40fa01694c8a3c4ff51c0adfa20deaf,7182b407,T6xx,Toys Factory,T6xx/Toys Factory/Toys Factory.mpn
6719a345fb6b677ff29dca9a98540ac38bba45370304800664e370223007e11d,6719a345,T6xx,Trapped Ball,T6xx/Trapped Ball/Trapped Ball [v0.9] [r6719].mpn
aaafba0870a3fd910098a49b2778a6d2468c86b91469ba8f2edd55ca6e719f28,aaafba08,T6xx,Trapped Ball,T6xx/Trapped Ball/Trapped Ball [v0.9] [raaaf].mpn
723f6fd81a322e9128c1da931e3ae984b288b4d24212a138cd0a0266fb25774a,723f6fd8,T6xx,VegasXtremeX,T6xx/VegasXtremeX/v1.1 run 2004-03-30/VegasXtremeX [v1.1].mpn
7ea0229e8245ff17ae9081c1b85eac56575c870824d9a54ee0a012f6083249f2,7ea0229e,T6xx,VegasXtremeX,T6xx/VegasXtremeX/VegasXtremeX [v1.1].mpn
045d5e91c93d58261d44f3a3e8a05638d4ef91131b6ec3b7ea3a9241c0c80c12,045d5e91,T6xx,Warships,T6xx/Warships/v1.0 run 2003-10-28 r045d/Warships [v1.0].mpn
dfa85f70026e9a2cef9d2df2986ba703484937c7eea2af79c6647eb6f7e80375,dfa85f70,T6xx,Warships,T6xx/Warships/v1.0 run 2003-10-28 rdfa8/Warships [v1.0].mpn
0edc8e2a91b61cd67526abe2e3393b9468d2c3b48149b3f759c34cb0a47bba84,0edc8e2a,T6xx,Warships,T6xx/Warships/v1.0 run 2003-10-28/Warships [v1.0].mpn
0b4896559eaba0fd9050aa5426c13f036298d152a93c87c954f365dfbf900629,0b489655,T6xx,Wilione,T6xx/Wilione/v1.02 date 2003-10-13..2010-12-31/Wilione [v1.02].mpn
6d699d22cebf8424db9b6ef69885b0782d8fe56cef14a2f7ee871ff7cce4235e,6d699d22,T6xx,Wilione,T6xx/Wilione/Wilione [v1.02].mpn
fe40179f2831439e783fa8f80880b9f19512265ba134035f71f94a525180ab66,fe40179f,T6xx,WOF-Vol1,T6xx/WOF-Vol1/WOF-Vol1.mpn
32d082d5ed8229c37c219a6aa13bca4144b01d08a428db2397c0daa1f083f47f,32d082d5,T6xx,Word Panic,T6xx/Word Panic/Word Panic [v1.01] [r32d0].mpn
a9c6e42f3a789ea9aade37062fdb0c9512ff9bb991de7d224981b2676e71fb86,a9c6e42f,T6xx,Wordfinder,T6xx/Wordfinder/Wordfinder.mpn
29af2d9a750db8ab9e128eb1ccc1c561a0526848214321de6e4e45a3c2f9e31e,29af2d9a,T6xx,Xfinity,T6xx/Xfinity/Xfinity [r29af].mpn
552b57ae27e8d68568c11e061ee8b345c25ffa348ee98c1f0f3aae287850f380,552b57ae,T6xx,Xfinity,T6xx/Xfinity/Xfinity [r552b].mpn
b7a0b56817dd77b8aba33133cd7d922f622a42d75b05e9483f146b9c24ef73c3,b7a0b568,T6xx,Xfinity,T6xx/Xfinity/Xfinity [rb7a0].mpn
c66e7f20a7f12a6a2e33c0d0a6e3ae483cffcbb67330ebb2379e217263c3cc56,c66e7f20,T6xx,Xfinity,T6xx/Xfinity/Xfinity [rc66e].mpn
f5aaec0f939a8f5205db6c56fd4d600bfc90e0a92e22b6cb8428b81bc95f139b,f5aaec0f,T6xx,Xfinity,T6xx/Xfinity/Xfinity [rf5aa].mpn
1f27d38fc01b9abe78857085130dfc96998c890d4afb4225507b51112305c9fe,1f27d38f,T3xx+T6xx,4in1,T3xx+T6xx/4in1/4in1.mpn
ee461729ccfbe0c31fd13f7e113d7fe1425d7ea56a3dbb531bdfce32384e6d40,ee461729,T3xx+T6xx,ACE,T3xx+T6xx/ACE/ACE [v1.2.1].mpn
5bcfc497d8d4965b0dec6351f87b1c25e541dade5c09750b596a26a5c9d83da2,5bcfc497,T3xx+T6xx,ACE,T3xx+T6xx/ACE/ACE [v1.4.0 EN].mpn
ce44743ee06b6f4de6bd677046c9ea7fa52d84cb08c3a2e167a5d998780195a5,ce44743e,T3xx+T6xx,ACE,T3xx+T6xx/ACE/v1.4.0 EN date 2003-06-16..2010-06-20/ACE [v1.4.0 EN].mpn
113c2ba6847ee2439aaf5b216717b4ea7b771b2fa1611eaaa58703471c28deb2,113c2ba6,T3xx+T6xx,AlphaAttack,T3xx+T6xx/AlphaAttack/Demo v1.1 run 2003-09-25/AlphaAttack [Demo] [v1.1].mpn
dea4df9cd22ec93c7219572589920a3c5483ff3d8145c1b6ab63d86add5dbc3c,dea4df9c,T3xx+T6xx,AlphaAttack,T3xx+T6xx/AlphaAttack/v1.1 run 2003-09-25/AlphaAttack [v1.1].mpn
361f6b82b942580af923941f26781da52cd08063aa7872b25f67435304c8f631,361f6b82,T3xx+T6xx,AlphaAttack,T3xx+T6xx/AlphaAttack/v1.2 run 2003-09-25/AlphaAttack [v1.2].mpn
bedfebe6b721f716b84930a801c679b22c661878a361686813c0e7fc42f494a8,bedfebe6,T3xx+T6xx,Alpine Ski,T3xx+T6xx/Alpine Ski/Alpine Ski [v1.1].mpn
d76b2f072cb8a27530a1d7793b47c03643e0bcf26949bbbf0025c0df502b0af1,d76b2f07,T3xx+T6xx,Alpine Ski,T3xx+T6xx/Alpine Ski/v1.1 date 2003-06-16..2010-06-20/Alpine Ski [v1.1].mpn
88ca48b7d6a92f97359c2ffb698abb839a77cdd413fc92b60a57bf2a6402b1e3,88ca48b7,T3xx+T6xx,Ant Assault,T3xx+T6xx/Ant Assault/Ant Assault [r88ca].mpn
904b401b9083f87199573c00336c78bc6ce5c7a863aecd56cc43f51a25796698,904b401b,T3xx+T6xx,Ant Assault,T3xx+T6xx/Ant Assault/Ant Assault [r904b].mpn
b085433be76c33f83f8a16f1802cbcd6749370c3be28170464f1f23df222fa97,b085433b,T3xx+T6xx,Ant Assault,T3xx+T6xx/Ant Assault/Ant Assault [rb085].mpn
d578fdeb1cccdfbdbbe23714d128c6fa895e28a386a4006cc44dbddb50c816df,d578fdeb,T3xx+T6xx,Ant Assault,T3xx+T6xx/Ant Assault/date 1999-12-01..2004-08-27/Ant Assault.mpn
0d9163284a6930ac312cff93907a433efbcc36cc29177c8691d39af4f3ad5a3a,0d916328,T3xx+T6xx,BombJack(tm),T3xx+T6xx/BombJack(tm)/run 2003-10-30/BombJack(tm).mpn
5f13e6b151d1b110c462484896315fdfacb9cbc8e5d858adb4227df16d233e56,5f13e6b1,T3xx+T6xx,Bone Idol,T3xx+T6xx/Bone Idol/Bone Idol [Demo].mpn
3477c9f6a1aa26f0dbe33379afc6528520254d11642721cccb6d55163bda9707,3477c9f6,T3xx+T6xx,Bouncy,T3xx+T6xx/Bouncy/Bouncy [v1.2] [r3477].mpn
0a31d0ace4482bb8326099f12790ce460da281f4735af3cd65fb741ca4b4bd91,0a31d0ac,T3xx+T6xx,BurgerMatic,T3xx+T6xx/BurgerMatic/BurgerMatic [v1.0].mpn
dcd795d71d95bc414b4dfdc19e58e4da91b6dd469aa23db991345984eebbdb85,dcd795d7,T3xx+T6xx,Casino Wheel,T3xx+T6xx/Casino Wheel/Casino Wheel.mpn
b7d223c592b9c9d4da2ea915f0643b44979ae4148f4de383aa0c45ee5c839085,b7d223c5,T3xx+T6xx,CharliesAngels,T3xx+T6xx/CharliesAngels/CharliesAngels.mpn
63c05db550b706bf55001b5a13540e948af527d21cc7eec5be0c1e36e89e1122,63c05db5,T3xx+T6xx,Chesswizz,T3xx+T6xx/Chesswizz/v1.32 run 2003-10-08/Chesswizz [v1.32].mpn
026993e295d7b98d02eeb98f3709dcf7d5d394d339fba9180030598a3717958e,026993e2,T3xx+T6xx,City Auto,T3xx+T6xx/City Auto/City Auto.mpn
aa86b4388d9ca028f9cf0b04330519a3f221aeff794c3ece37763ff4cce88a8c,aa86b438,T3xx+T6xx,DawnOfTheVampire,T3xx+T6xx/DawnOfTheVampire/DawnOfTheVampire.mpn
d0fe59b2c90ea3c41f15c4612f1b62f2599f738dd95c9e3265cc3818b8625370,d0fe59b2,T3xx+T6xx,DeepAbyss,T3xx+T6xx/DeepAbyss/DeepAbyss.mpn
d8139804b56db419bc11bcebe91569ae964283b79c019ae4ff17ee8a90ec7e5b,d8139804,T3xx+T6xx,Erix,T3xx+T6xx/Erix/Erix.mpn
250f150ae1e53671a2e1500d6413901f319c39bbd95100993908e73eb32699d9,250f150a,T3xx+T6xx,Evac 610,T3xx+T6xx/Evac 610/run 2004-04-07/Evac 610.mpn
ebb935e613b3dbc15f78e6579455584306448e0cba4bb23e78e47d6809f0df13,ebb935e6,T3xx+T6xx,Evac,T3xx+T6xx/Evac/Evac.mpn
f1c5d7e148823cad22f3ea2bb2453c570a643a62b2de2c535ade5892985d33c2,f1c5d7e1,T3xx+T6xx,Evil Mirror,T3xx+T6xx/Evil Mirror/v003 dates/EvilMirror.mpn
3679fac1bb230e94c64d66cb45ce4b96be987b30aa6a691c86335d6eb73c17c7,3679fac1,T3xx+T6xx,Evil Mirror,T3xx+T6xx/Evil Mirror/v003/EvilMirror.mpn
3499bf6ac0b334ab71f6cc4d488b81fb1a1e1dfe4f4b82e541a3211780a75011,3499bf6a,T3xx+T6xx,FIFA 2003,T3xx+T6xx/FIFA 2003/FIFA 2003 [v0.1.5].mpn
8e0fd36761cdf339021d8072f917262e12e9da576e2393f84d95126c66e35999,8e0fd367,T3xx+T6xx,FIFA 2003,T3xx+T6xx/FIFA 2003/v0.1.5 dates/FIFA 2003 [v0.1.5].mpn
8a99eae6de644f5b91899a3b659d689c0b55bbb07a72587ff8ba8d68be7a00e7,8a99eae6,T3xx+T6xx,FruitJuice,T3xx+T6xx/FruitJuice/FruitJuice.mpn
b3c3997e39f675f1dc85794b7e3798aa03a389dc1ef9e0c0f1b1e7188c439207,b3c3997e,T3xx+T6xx,Gun Carnage,T3xx+T6xx/Gun Carnage/Gun Carnage [v1.0].mpn
65a3942ad956ae8246bb212bb4bc005f82d5f93ce8e39f61e066532a3f6e5eb9,65a3942a,T3xx+T6xx,Gun Carnage,T3xx+T6xx/Gun Carnage/v1.0 run 2003-10-30/Gun Carnage [v1.0].mpn
1e16cd566f44d475a96d27e90e9e6c9540a030427cc39c0791539808d0002b2e,1e16cd56,T3xx+T6xx,Honey Cave,T3xx+T6xx/Honey Cave/Honey Cave.mpn
7e0e94ed363fe6dcd6525b74593300ee1d9a95476a003005d2687a134b1052b6,7e0e94ed,T3xx+T6xx,HoneyCave2,T3xx+T6xx/HoneyCave2/HoneyCave2.mpn
ec61afac73a4a0a626410f119dc8fe5dfc82e615ac98acbbb8632b6abf85c42e,ec61afac,T3xx+T6xx,Huntsman,T3xx+T6xx/Huntsman/Huntsman [v1.2].mpn
3c54724995e5c44890e09c7a342ba2d3c604500f86db6cca483d807faedaa824,3c547249,T3xx+T6xx,Huntsman,T3xx+T6xx/Huntsman/v1.2 run 2003-10-30/Huntsman [v1.2].mpn
91de4e41b9d8b56f155a6951d9fc31c5c951277c14e4cf8f46885ad293ebe1f0,91de4e41,T3xx+T6xx,Ice Digger,T3xx+T6xx/Ice Digger/Ice Digger [v1.07] [r91de].mpn
ef9c04781df4abf19dc264c5c9495bac677ff9c7e02284a4a3be6586cf4662c0,ef9c0478,T3xx+T6xx,Jeff,T3xx+T6xx/Jeff/Jeff.mpn
418dced762176a67c781e5e97fa746a335118f5c1914a9732d4c1a919e198910,418dced7,T3xx+T6xx,Jumping Bubble,T3xx+T6xx/Jumping Bubble/v1.03 run 2003-09-07 r418d/Jumping Bubble [v1.03].mpn
9c3270962901133ac1efccf0e1a27dc1fde21220a402bac498c6f990453899dc,9c327096,T3xx+T6xx,Klondike,T3xx+T6xx/Klondike/Klondike.mpn
b2693e6f2df7ee8e9367ce7f3cb41d62812bdb50627b50e16cd28aba38116312,b2693e6f,T3xx+T6xx,Lines,T3xx+T6xx/Lines/Lines.mpn
c4eea80ba971fe5371b7fb15f595f9e35f579a07be6a5718635171c8b8b1c24d,c4eea80b,T3xx+T6xx,Lisa,T3xx+T6xx/Lisa/v1.0 dates/Lisa [v1.0].mpn
76ba84c98394b6c52e01cdea7b6063c8f96b6b37564bc5b36097c9ec966915a2,76ba84c9,T3xx+T6xx,Lisa,T3xx+T6xx/Lisa/v1.0 run 2003-06-16/Lisa [v1.0].mpn
2aa7b47f723cbb4dcb0a40e1ee418986004a39d575775b71be03258c6d54c8d0,2aa7b47f,T3xx+T6xx,Mophjong Solitaire,T3xx+T6xx/Mophjong Solitaire/Mophjong Solitaire.mpn
3a1d1a27d1dd180654e383ef5f8b6499165d31bef20766ea5441774410a56480,3a1d1a27,T3xx+T6xx,No Refuge,T3xx+T6xx/No Refuge/date 2003-06-16..2010-06-20/No Refuge.mpn
1b126dacc78860a755e3371cbefa0f77c94ecace372899a65cf88b3b07c5b292,1b126dac,T3xx+T6xx,PetFight,T3xx+T6xx/PetFight/PetFight.mpn
3dbdf2a0a253746fc3e064e59eb04cf8383643fa1092979a2645776e83e56f65,3dbdf2a0,T3xx+T6xx,Puzzle Slider,T3xx+T6xx/Puzzle Slider/Puzzle Slider.mpn
974a540c69adf61d5c7b24123f57b0a84816f3cbb4f8041b0b9a1b7294d71aee,974a540c,T3xx+T6xx,Q Soccer,T3xx+T6xx/Q Soccer/Q Soccer [v1.00].mpn
0c445e9bb1a43a7b7c03c86c066c15d95b40f31f3fa44881737996f564d3fa30,0c445e9b,T3xx+T6xx,Q Soccer,T3xx+T6xx/Q Soccer/Q Soccer [v1.03] [r0c44].mpn
f9a6b67feba8b40ba79cc3dbe2548725dde1a89f1e2871fa420bb94c7e9e9a0d,f9a6b67f,T3xx+T6xx,Q Soccer,T3xx+T6xx/Q Soccer/Q Soccer [v1.03] [rf9a6].mpn
2938f7f06632e15f533ad1e2c30962ab08cbc6a143b478d2397bbf554717d464,2938f7f0,T3xx+T6xx,Q Soccer,T3xx+T6xx/Q Soccer/v1.03 date 2003-06-16..2010-06-20/Q Soccer [v1.03].mpn
d666cc7c51dd64e48c790f9e994ea9682107c09dfc0a69cbb4dd59f6f62ead69,d666cc7c,T3xx+T6xx,Q Soccer,T3xx+T6xx/Q Soccer/v1.03 run 2004-08-26/Q Soccer [v1.03].mpn
00432d63a3fc365a3550736d186436df83724e27deeac3b2e68b97e32797fb40,00432d63,T3xx+T6xx,Q_bert,T3xx+T6xx/Q_bert/Q_bert [v1.02].mpn
6d4b94c9fa00652f8c677078b26c6036fb1cf3cdd1965f1a2bea06d379cc673d,6d4b94c9,T3xx+T6xx,Q_bert,T3xx+T6xx/Q_bert/Q_bert [v1.03].mpn
fbd42f74c3919753a53681d387b0e9c43ee0fc61c3e4f97611942f2a271a3c7f,fbd42f74,T3xx+T6xx,Reversi,T3xx+T6xx/Reversi/Reversi.mpn
4fec12288d0face955e0707beb368655508869701a0b2c27477cc0d6095a21d5,4fec1228,T3xx+T6xx,Revs!,T3xx+T6xx/Revs!/v1.0 dates/Revs! [v1.0].mpn
d5cdde5086f19e08dea44e8a1ebe720cf7a53228d5191103d41c2458caa7755c,d5cdde50,T3xx+T6xx,Revs!,T3xx+T6xx/Revs!/v1.0 run 2003-09-05 rd5cd/Revs! [v1.0].mpn
4e190ce71f7988e0f8866fb023ff25f57b1e372d3225481455e33af9a37d0ea3,4e190ce7,T3xx+T6xx,Revs!,T3xx+T6xx/Revs!/v1.0 run 2003-09-05/Revs! [v1.0].mpn
92de547b6f6b5fa20405b341c6ac52abd71c9aab2d6ce5c255fa86869ea9d0fc,92de547b,T3xx+T6xx,RussPack,T3xx+T6xx/RussPack/v1.1 run 2004-03-10 r92de/RussPack [v1.1].mpn
8b12f6ed117c4e6824cefce0f226354cf9b167d53f537ca7a8e83f064e6c8a14,8b12f6ed,T3xx+T6xx,RussPack,T3xx+T6xx/RussPack/v1.1 run 2004-03-10/RussPack [v1.1].mpn
6a7abd3d1e5e46fffca3be92693ff22fab09d6a4c5e30d4ddfcd9bc813677fa6,6a7abd3d,T3xx+T6xx,Santa,T3xx+T6xx/Santa/Santa.mpn
14f18b0a06f5cef9eefcf7e503f89fd98928d0c1bcebbb4220426c78bb44c09e,14f18b0a,T3xx+T6xx,Shooting Star,T3xx+T6xx/Shooting Star/date 1999-12-01..2004-08-27/Shooting Star.mpn
1ad2f8e093a18a91bafc9a21a727865ac18e7021c2260fda708f4b3ac89cc31f,1ad2f8e0,T3xx+T6xx,SnowboardX,T3xx+T6xx/SnowboardX/SnowboardX [v1.5].mpn
0a2fe5b51da003420abd41b066b415b9e25215a847ce8ecc224c48b0edcb2e12,0a2fe5b5,T3xx+T6xx,SnowboardX,T3xx+T6xx/SnowboardX/v1.5 date 2003-06-16..2010-06-20/SnowboardX [v1.5].mpn
fa806577ac6b0b0adab135371a39016c40392b95392b2e8e0d536870a1d89c6f,fa806577,T3xx+T6xx,SnowboardX,T3xx+T6xx/SnowboardX/v1.5 date 2003-06-16..2010-12-31/SnowboardX [v1.5].mpn
cad841f291b1bbb7500a0a7708873677dea0b98e06cc6ff0b4e8550ed8828106,cad841f2,T3xx+T6xx,Solitaire,T3xx+T6xx/Solitaire/Solitaire.mpn
56b87f7bf47552f58eadd5bce0aca565388c41bf2e82a25fd4184f05438817ce,56b87f7b,T3xx+T6xx,Space Debris,T3xx+T6xx/Space Debris/Space Debris.mpn
38112444bcbb830ca65f771a23f63436844201fb55639aad40595246ca7f9ac0,38112444,T3xx+T6xx,Space Explorer,T3xx+T6xx/Space Explorer/Space Explorer [v1.0].mpn
466f85fc493622589283730621ac0798530b2027e4d9ab7414ad3866585d3d64,466f85fc,T3xx+T6xx,Space Explorer,T3xx+T6xx/Space Explorer/Space Explorer [v1.1].mpn
3dba57cae3dc3bca7319b54d0a8fbaaac72615d3fb00a16dcadb49dfe9fa1c60,3dba57ca,T3xx+T6xx,Space Explorer,T3xx+T6xx/Space Explorer/v1.1 run 2004-03-10/Space Explorer [v1.1].mpn
35c8dc6fc5fa67a411cd63ac59a3666ec798a0d92d214df70ede2333a4c0acc3,35c8dc6f,T3xx+T6xx,Stonker,T3xx+T6xx/Stonker/Stonker [v1.0] [r35c8].mpn
43c73c499839feb291bf2e9cf927da01923e89ade57aaa27bcbad1d3bae664e7,43c73c49,T3xx+T6xx,Stonker,T3xx+T6xx/Stonker/Stonker [v1.0] [r43c7].mpn
eb25ecd3b5cd91851ad5661c055a7f49514285b32daca5f0de68a63ed4e492b1,eb25ecd3,T3xx+T6xx,StonkerXmas,T3xx+T6xx/StonkerXmas/StonkerXmas.mpn
347d9b39736e7b7cfbcc1d010d95a0bd3a09ff01d4b4411ca8eb532494853123,347d9b39,T3xx+T6xx,StreetChase,T3xx+T6xx/StreetChase/StreetChase [Demo] [v1.0].mpn
189fc769a852ebc0c0314062251f3a9e68ca698a24b654fd9de61150d7b782db,189fc769,T3xx+T6xx,StreetChase,T3xx+T6xx/StreetChase/StreetChase [v1.0].mpn
ece70637622105a7023ffe22e2ec1b70f4bf50ccd94830f978e1036c7bccc41e,ece70637,T3xx+T6xx,The FlintStones,T3xx+T6xx/The FlintStones/v1.1 dates/The FlintStones [v1.1].mpn
276b2951169d12922b0bf7e2ee05e6d069b881ba728c85f68f9856e965ef15f3,276b2951,T3xx+T6xx,The FlintStones,T3xx+T6xx/The FlintStones/v1.1 run 2003-11-06/The FlintStones [v1.1].mpn
a00ab5efe5b12c534df3f7991ee8ba5cc5cbc6efed9af59521351e547d99ac09,a00ab5ef,T3xx+T6xx,Torpedo,T3xx+T6xx/Torpedo/Torpedo.mpn
dfbab38d48e95abe63045db8f1e988919e10afe0571321b4943943e07318ee08,dfbab38d,T3xx+T6xx,V-Rally2,T3xx+T6xx/V-Rally2/vRC14EU run 2003-11-01 rdfba/VRally.mpn
46e93ab80594934d1d0c5a8b807196c5056d4e90904868e0cc33cf984881b57c,46e93ab8,T3xx+T6xx,V-Rally2,T3xx+T6xx/V-Rally2/vRC14EU run 2003-11-01/VRally.mpn
25d6992f74bb99022f8c6934892dee0dc073c5b4e77918cf77d8bcedc6235143,25d6992f,T3xx+T6xx,Wilione,T3xx+T6xx/Wilione/v1.02 dates/Wilione [v1.02].mpn
a70eae422b6ab7795ad088b0f031e2820673fd5f620796e13dcb05dc6d7a27de,a70eae42,T3xx+T6xx,X Probe,T3xx+T6xx/X Probe/X Probe.mpn
8258edec773c9e67f99529bd4802eadfcaceeed1f1b940f6c4ea25c565ab51dd,8258edec,T3xx+T6xx,X-Downhill,T3xx+T6xx/X-Downhill/X-Downhill [v1.0] [r8258].mpn
e2a787f3176c5b88c5c9f36b358ef321899fc4b662ec6c6715e02bbdd26c8ca9,e2a787f3,T3xx+T6xx,X-Downhill,T3xx+T6xx/X-Downhill/X-Downhill [v1.0] [re2a7].mpn
41252bbbd8cecd1b61c7cf0b39873981a7f15ca22297f68eef0de9e242a201b5,41252bbb,T3xx+T6xx,xXx,T3xx+T6xx/xXx/xXx.mpn
9e4b106ed910e1efbff039119defba86362f4ab31e3f978c4a6ebde420b41ed6,9e4b106e,UIQ3,American Racing 3D,UIQ3/American Racing 3D/American Racing 3D.mpn
c8dda0124666cd1bc93191086c71940bc60efdfd3243561179446ae7038f068e,c8dda012,UIQ3,Anarchy Boxing 3D,UIQ3/Anarchy Boxing 3D/Anarchy Boxing 3D [v1.60] [rc8dd].mpn
ca72838a8e2a90e6b5ddfe477d781ebb87e2b32ace3488d954de6962c3908ca0,ca72838a,UIQ3,Anarchy Boxing 3D,UIQ3/Anarchy Boxing 3D/Anarchy Boxing 3D [v1.60] [rca72].mpn
49869151d54f3cd52a19026ef11d6ac86b8f0f5fff2e65099304a20655d0ff92,49869151,UIQ3,Carmageddon Mobile 3D,UIQ3/Carmageddon Mobile 3D/Carmageddon Mobile 3D [v1.1].mpn
5611d580af45202125b9a50c4f084b1d94f9baf0fbba36f70ace587718938b64,5611d580,UIQ3,Carmageddon Mobile 3D,UIQ3/Carmageddon Mobile 3D/Carmageddon Mobile 3D [v1.2].mpn
f139e5055102be3e67367d714af013c514d4df126ab795a99c8ad4b607696635,f139e505,UIQ3,Da Vinci Code 3D,UIQ3/Da Vinci Code 3D/Da Vinci Code 3D.mpn
0434c797b3ddec57063116bdc730d347941b783de48b903baa6346628e76ea79,0434c797,UIQ3,Fatal Arena,UIQ3/Fatal Arena/Fatal Arena.mpn
ca13f1e0e06796fbce92342ad338319e66b960a94c6eaaa59553dc82e455ea74,ca13f1e0,UIQ3,Football Pro Contest,UIQ3/Football Pro Contest/Football Pro Contest [v1.0.4].mpn
9fca3394a4b67bdeae094f546805279c98aa23a041bde9c5840b5bc13df65b6a,9fca3394,UIQ3,Football Pro Contest,UIQ3/Football Pro Contest/Football Pro Contest [v1.02].mpn
615c2fb23fc0e02470d87a40cd682c15ee6fdada84804e278047335fe56fed60,615c2fb2,UIQ3,Golf Pro Contest 2006,UIQ3/Golf Pro Contest 2006/Golf Pro Contest 2006 [v1.0.1].mpn
bae867c126c632302e29ab6073e3fd32e81ccaf33b5e08d0f97f243a8b68bdfc,bae867c1,UIQ3,Golf Pro Contest 2006,UIQ3/Golf Pro Contest 2006/Golf Pro Contest 2006 [v1.0.3].mpn
244fb91c00ed6bb0e79c190e1003da1af93b0e74d6f8fbe02730b42d45b1fc28,244fb91c,UIQ3,Golf PRO Contest,UIQ3/Golf PRO Contest/Golf PRO Contest.mpn
94bf07ac753c10f60650c420420a2787caf26d4c89dc20f36ba625397014e870,94bf07ac,UIQ3,Heli Attack 2,UIQ3/Heli Attack 2/Heli Attack 2.mpn
08a17ce46efe0e30c8944fd4d8bf58f55eb18181c31bf2d05cd17ccf617c1692,08a17ce4,UIQ3,Joe's Treasure Quest,UIQ3/Joe's Treasure Quest/Joe's Treasure Quest [v1.0] [r08a1].mpn
43c178e3505df7bf2fc49ed751b96d0283c74db3ddc6544d0a405711bdce7390,43c178e3,UIQ3,Joe's Treasure Quest,UIQ3/Joe's Treasure Quest/Joe's Treasure Quest [v1.0] [r43c1].mpn
6f65950368f5e5a5264385d56e1c6c4b05f1bd6cb92b992fecd6f83af50ceae9,6f659503,UIQ3,Lock'n Load 2,UIQ3/Lock'n Load 2/Lock'n Load 2 [r6f65].mpn
bc75bafee487eaf6f164d788f373c5d8dbb6f172cfc63520b819bc3a6fbcae67,bc75bafe,UIQ3,Lock'n Load 2,UIQ3/Lock'n Load 2/Lock'n Load 2 [rbc75].mpn
421998038cf9c7d07626bd8276eb9ce7b3e5c657c19ea50f773bd5e5a99ec09a,42199803,UIQ3,Lock'n Load_ Combat Arena,UIQ3/Lock'n Load_ Combat Arena/Lock'n Load_ Combat Arena [r4219].mpn
f4e7e70c0d20461d734470a9044112bbcb2443c1cd6494ec7d5f486f9f7a61d1,f4e7e70c,UIQ3,Lock'n Load_ Combat Arena,UIQ3/Lock'n Load_ Combat Arena/Lock'n Load_ Combat Arena [rf4e7].mpn
b832ccfd23f395ea47f1b89372ee594fde21b0accd417d61044e9328a377f387,b832ccfd,UIQ3,Lock'n Load_ Rise of war,UIQ3/Lock'n Load_ Rise of war/Lock'n Load_ Rise of war [rb832].mpn
c8f31c95a2fa70fcc8c64a4a17a45ea52029b48cd4ad700e520f62f7e2d1a873,c8f31c95,UIQ3,Lock'n Load_ Rise of war,UIQ3/Lock'n Load_ Rise of war/Lock'n Load_ Rise of war [rc8f3].mpn
c21abda7d8bbb0216c66ce7b1d6d54374e4ba6162b1364948bce9c3249157b4c,c21abda7,UIQ3,Martial Arts 3D,UIQ3/Martial Arts 3D/Martial Arts 3D.mpn
86ca410bd322c18d99a510b8b36709bcf30739374a563c56c97203f2e2769ac8,86ca410b,UIQ3,RallyProContest,UIQ3/RallyProContest/RallyProContest [r86ca].mpn
c2f3d60c40232f6098421a5105feda37e50ecf4e89301f33085da9025a55a3c1,c2f3d60c,UIQ3,RallyProContest,UIQ3/RallyProContest/RallyProContest [rc2f3].mpn
55778b2e655859ca6571742289f3ba328160d867bf12223596e1a6bb207af038,55778b2e,Unknown,ATC,Unknown/ATC/ATC.mpn
3189571a884c120303e0fff551a90c1817e363cf09e970732195ca7fd0959f9f,3189571a,Unknown,Barry Bonds HRH,Unknown/Barry Bonds HRH/Barry Bonds HRH.mpn
2734ff8f7e998413e93030b0825b490a223c73b6714b9db9a51513b3e280ef03,2734ff8f,Unknown,Black Jack,Unknown/Black Jack/Black Jack.mpn
a7ec7bd214c7c4c1b35437a7c3631b89e8fb05c1ce3c0a549b7f330dd461bbde,a7ec7bd2,Unknown,Conflict Vietnam,Unknown/Conflict Vietnam/Conflict Vietnam.mpn
68e180242dd343ef65ccab8d2162500d396d04ad6414faf7b78f877daa6b3cd9,68e18024,Unknown,Connect Four,Unknown/Connect Four/Connect Four.mpn
c5f18d73cafa12b451164f96c5b92a673f003dcf9f5d6e7d0cae876bf3b11c42,c5f18d73,Unknown,CourierBob,Unknown/CourierBob/date 1999-12-01..2004-08-25/CourierBob.mpn
e82fb6507ed2d790246c755c8fab66097e20217631a7d91ef3045614a3b5dcb8,e82fb650,Unknown,DotsAndDashes,Unknown/DotsAndDashes/DotsAndDashes.mpn
0e4e1ae879b35fa6a8f18b27ba96ffa1b2c6304501f8e28b0ba71ef63be4c901,0e4e1ae8,Unknown,Ducati Extreme,Unknown/Ducati Extreme/Ducati Extreme.mpn
a8bd59c9b94328bee7fa5d40107e4a05f5f9445319587a109b65d2b5ebf06591,a8bd59c9,Unknown,Fire Shark,Unknown/Fire Shark/Fire Shark.mpn
a5cc830b1e6e5014bf3fdd267581ba6221533ca76650e59d50919df71dceb8dd,a5cc830b,Unknown,Fornax,Unknown/Fornax/Fornax [v1.0] [ra5cc].mpn
63fc7f09b6df77e421687fb5f7c0f041e95a4b5faf127708612b5b90c94c9d7a,63fc7f09,Unknown,G.Dancer,Unknown/G.Dancer/G.Dancer [Demo].mpn
fee44b547d9d6f52fd535cd63ef6a3f411ae8b9da1d4c37be301f0ce5d7d55ab,fee44b54,Unknown,G.Dancer,Unknown/G.Dancer/G.Dancer.mpn
989c3c9df2b49563e39d35d9a8c7422b3f3ca6b3bd9bab0e3e2252c59cf79be4,989c3c9d,Unknown,Graveyard Adventure,Unknown/Graveyard Adventure/Graveyard Adventure.mpn
0f6318e4332528e0154df4d65e5cda063764d3f9b95b6212725902ee6d5cd0c9,0f6318e4,Unknown,Hopper,Unknown/Hopper/run 2004-06-12/Hopper.mpn
ba6451527a98234650791691f7ecaafb214ad4ed39b0f8e67d9fabad9981331d,ba645152,Unknown,Hyper Apocalypse,Unknown/Hyper Apocalypse/run 2003-10-30/Hyper Apocalypse.mpn
a87281d2bc8d89e2f8c90208f9ddc627531e925a6e8865f00519de22d8c58a01,a87281d2,Unknown,Incoming,Unknown/Incoming/date 1999-12-01..2004-08-26/Incoming.mpn
5ba63b492b71b718542f7a2d15bfe62cbed168c5324569b9db72f10bb9e83be8,5ba63b49,Unknown,Jeopardy!#10,Unknown/Jeopardy!#10/Jeopardy!#10.mpn
c37705e6734209fff9cec255f0c5e66024327be63fad37dbef75f515063cc605,c37705e6,Unknown,Jeopardy!#11,Unknown/Jeopardy!#11/Jeopardy!#11.mpn
7ab5ecb9fdd8a8973e6613bd14e7e8173e3539f4d1bfb4df87426103d6e1b36f,7ab5ecb9,Unknown,Jeopardy!#12,Unknown/Jeopardy!#12/Jeopardy!#12.mpn
5773993f4aac228f877949be2cb6c4afa6e66ce3770377e109dd646d4f992929,5773993f,Unknown,Jeopardy!#2,Unknown/Jeopardy!#2/Jeopardy!#2.mpn
554c453b1b5774d6aa1492edab511e555387d9b6e51bb620e81eb12611fabe91,554c453b,Unknown,Jeopardy!#3,Unknown/Jeopardy!#3/Jeopardy!#3.mpn
8db8752d6dec89fa6f07ae43ff1fa936d89947671ddb8f2a251192519897b709,8db8752d,Unknown,Jeopardy!#4,Unknown/Jeopardy!#4/Jeopardy!#4.mpn
60431af5896227d64c142ef2a631bd2117cef8154e2b022d9e8a8ca9a5b645a5,60431af5,Unknown,Jeopardy!#5,Unknown/Jeopardy!#5/Jeopardy!#5.mpn
de65348aefac29c8f5fad46a1a6b72c2f0fcb9bd1428e924193bfbef9cd7aba8,de65348a,Unknown,Jeopardy!#6,Unknown/Jeopardy!#6/Jeopardy!#6.mpn
5a523fea85b1f8453a9fa285f4e2360fc286440162a583f783d393a37f129269,5a523fea,Unknown,Jeopardy!#7,Unknown/Jeopardy!#7/Jeopardy!#7.mpn
e23c8bc91bbece63addb8464e21b3c7bda5f1d5b1f3cde0e0b86114a95c9aaf3,e23c8bc9,Unknown,Jeopardy!#8,Unknown/Jeopardy!#8/Jeopardy!#8.mpn
b12333512c0ad15327a416f243f06f096c93751c61d6c67c44456436ab4b0695,b1233351,Unknown,Jeopardy!#9,Unknown/Jeopardy!#9/Jeopardy!#9.mpn
70380addbad1a9a43de0baab00267e3df30dcccf6c7653e2fb296a4457a176fe,70380add,Unknown,Keep Ups,Unknown/Keep Ups/Keep Ups.mpn
220001bff19c539f3b1bcab7fe8cff563acd2a7f86342bea063a456fed5660c4,220001bf,Unknown,Litl Indians,Unknown/Litl Indians/Litl Indians [v1.0] [r2200].mpn
da8462cb0750450fda1572f5229d21da748f8348dfe0cf0131c031cb857c8367,da8462cb,Unknown,Litl Indians,Unknown/Litl Indians/Litl Indians [v1.0] [rda84].mpn
c5faccb907533c9cf83e2bd535fb808e3ade84b527de9374ecef78ca7deb3da8,c5faccb9,Unknown,Little Indians,Unknown/Little Indians/date 1999-12-01..2004-08-26/Little Indians.mpn
beb6618daea9ea5f5a237a45def0bcffd71e1bbf97265d1b5a7a59e6f89b3271,beb6618d,Unknown,LostInTheForest,Unknown/LostInTheForest/LostInTheForest.mpn
4791b86c3bfc0c328700756d8e55b29423fc99500480e5660b5d0644eefeff1c,4791b86c,Unknown,Magic Puz,Unknown/Magic Puz/Magic Puz.mpn
e3fd4522458e70b6cccbb35dff343e867bd3f20579345d11b7be667062c04390,e3fd4522,Unknown,Micro War,Unknown/Micro War/v1.0 date 2004-03-11/microwar.mpn
5146b6e8d8cbd3c01d517490a88ea8c8078ad4d55a7a3ffa3e8ef87cb924b23f,5146b6e8,Unknown,MooktownTennis,Unknown/MooktownTennis/MooktownTennis.mpn
10cc0b7e1c195eaaf4c55fa83c7a0a2e109a44fa3bcfd7dad53ea4df916f5561,10cc0b7e,Unknown,MooktownTennis04,Unknown/MooktownTennis04/MooktownTennis04.mpn
4b106598860213d220869be6100c1b34fed88cd7129fef14a7b419ef3a02cd37,4b106598,Unknown,My Karaoke Xmas 1,Unknown/My Karaoke Xmas 1/My Karaoke Xmas 1 [r4b10].mpn
143f8951cac376258992aa1a343253391bdca943b5536817ed8a96f38c0ea45d,143f8951,Unknown,Noid,Unknown/Noid/Noid.mpn
f7236417ea241ee1ec9abeecefaa8db51fafdb0be41601d2bf7f71ab947846cf,f7236417,Unknown,Operation,Unknown/Operation/Operation.mpn
c6e4ea43acfb65afa1547068eaa9afcd7233893f0b5e6d30d92edf7c8744bb02,c6e4ea43,Unknown,Popeye,Unknown/Popeye/Popeye.mpn
cad42d03854fd10b216d78371ca2b079bcb964331d7047031963cd9a57b78cfb,cad42d03,Unknown,Roulette,Unknown/Roulette/Roulette.mpn
42b80259428e03adccfe0e1a985946b2fe0d14329b684acef267bc2a39bb64e7,42b80259,Unknown,Rows Blaster,Unknown/Rows Blaster/Rows Blaster.mpn
37849aba947cb43492124fe86098f1c17e6a846a322a897865058ff682e34548,37849aba,Unknown,SAAF,Unknown/SAAF/SAAF [v1.2] [r3784].mpn
a8817a54534c3cfa87dd59d539abbff634e959823106d3f4432586cb9ca4ddb9,a8817a54,Unknown,SAAF,Unknown/SAAF/SAAF [v1.2] [ra881].mpn
c82e03b964759c96895067eaf98bdd9840d1cd773fd05b3cc6bfcb02008cc0bf,c82e03b9,Unknown,Spinner C2,Unknown/Spinner C2/run 2004-05-27/Spinner C2.mpn
4a778c5b354181b8105240c4dcd0cfd1299be26c9bcc2c985577f93a7c0b727e,4a778c5b,Unknown,Test File,Unknown/Test File/Test File.mpn
59b09c355980e38d803a9a3af47dc66583cc7e3136bb290444976ffd8572eff5,59b09c35,Unknown,TopGun2,Unknown/TopGun2/TopGun2.mpn
e2c129af7f7890d8516a92248082ba35fc81d7effd08a58788cda74a082fb5bc,e2c129af,Unknown,Treasure Slots,Unknown/Treasure Slots/Treasure Slots.mpn
2c9d61023cdd73e32723d4f0289ecbfd7f3f130a76e136c1f062897fc148d287,2c9d6102,Unknown,Video Poker,Unknown/Video Poker/Video Poker.mpn
e9b42baa301e4b902ef88f0f4b5e3380f47252ea6af9c3a1ff960c184a0d8f15,e9b42baa,Unknown,Viking Winter Games,Unknown/Viking Winter Games/Viking Winter Games.mpn
1daeae164aaf50405dd3067b0d3f83dd2679814471c14e4733bb15d4f90775b0,1daeae16,Unknown,Virtual Strippoker,Unknown/Virtual Strippoker/v1.0 date 2003-07-24..2003-07-25/Virtual Strippoker [v1.0].mpn
ce148be3e26af7638e1b5d5fb91b5fc06d218eb3a28e96dbefb1008de14a4d26,ce148be3,Unknown,Virtual Strippoker,Unknown/Virtual Strippoker/Virtual Strippoker [v1.0].mpn
c92063ff0e4fabf5909802275d9b0743f0e6e9f527abefd83220a6094fb38131,c92063ff,Unknown,WOF-Vol10,Unknown/WOF-Vol10/WOF-Vol10.mpn
1ecbeff65c3e8a072791b2323c0c5d410734dda1e76550ec7ecb547686ce28bb,1ecbeff6,Unknown,WOF-Vol11,Unknown/WOF-Vol11/WOF-Vol11.mpn
4552f51b35a24d295bcbcd820c5bda6bf103e09f402635cab506d21a2e52f020,4552f51b,Unknown,WOF-Vol12,Unknown/WOF-Vol12/WOF-Vol12.mpn
d47bdd3ae8ff88b9b036c4ac1b81fead212fefb4490d61abd338d9bef47117d6,d47bdd3a,Unknown,WOF-Vol2,Unknown/WOF-Vol2/WOF-Vol2.mpn
0c0e690024349d2145b8922b1013bd8d236641aab5fcaa2e089606b097986eca,0c0e6900,Unknown,WOF-Vol3,Unknown/WOF-Vol3/WOF-Vol3.mpn
73c3e00fc99952242ebc35e5b79f42c808bc8751120de464083d1c54b5bd9209,73c3e00f,Unknown,WOF-Vol4,Unknown/WOF-Vol4/WOF-Vol4.mpn
b42a2ab9eafedb69836ddef4b300c2a50688cbc2fc250ebe4427b3ebeed410a8,b42a2ab9,Unknown,WOF-Vol5,Unknown/WOF-Vol5/WOF-Vol5.mpn
aa27433df769854750f0896482f975fa2fd18d58eae3831dddf71d46b207a0fb,aa27433d,Unknown,WOF-Vol6,Unknown/WOF-Vol6/WOF-Vol6.mpn
de6e1ec6037146ee4fc26c443b47ee0203ff095d02160ff20500f3610e59a42d,de6e1ec6,Unknown,WOF-Vol7,Unknown/WOF-Vol7/WOF-Vol7.mpn
dcd09bc20f85f60b4ac66938062d8456efbf4ba737f1c38a963da26cb82b3159,dcd09bc2,Unknown,WOF-Vol8,Unknown/WOF-Vol8/WOF-Vol8.mpn
82176b6d0564a664b9015465ce779faa37f5551956214482f9cd66c304a341ee,82176b6d,Unknown,WOF-Vol9,Unknown/WOF-Vol9/WOF-Vol9.mpn
